-- phpMyAdmin SQL Dump
-- version 4.8.5
-- https://www.phpmyadmin.net/
--
-- Host: 127.0.0.1
-- Waktu pembuatan: 21 Okt 2021 pada 18.11
-- Versi server: 10.1.38-MariaDB
-- Versi PHP: 7.3.2

SET SQL_MODE = "NO_AUTO_VALUE_ON_ZERO";
SET AUTOCOMMIT = 0;
START TRANSACTION;
SET time_zone = "+00:00";


/*!40101 SET @OLD_CHARACTER_SET_CLIENT=@@CHARACTER_SET_CLIENT */;
/*!40101 SET @OLD_CHARACTER_SET_RESULTS=@@CHARACTER_SET_RESULTS */;
/*!40101 SET @OLD_COLLATION_CONNECTION=@@COLLATION_CONNECTION */;
/*!40101 SET NAMES utf8mb4 */;

--
-- Database: `db_aplikasi_wisata`
--

-- --------------------------------------------------------

--
-- Struktur dari tabel `detail_pemesanan`
--

CREATE TABLE `detail_pemesanan` (
  `id` int(11) NOT NULL,
  `id_transaksi` varchar(250) NOT NULL,
  `kunjungan` text NOT NULL,
  `harga` text NOT NULL
) ENGINE=InnoDB DEFAULT CHARSET=latin1;

--
-- Dumping data untuk tabel `detail_pemesanan`
--

INSERT INTO `detail_pemesanan` (`id`, `id_transaksi`, `kunjungan`, `harga`) VALUES
(22, '6167e5269c996', 'PENGINAPAN 68;Bumi Perkemahan Cikole;Lembah Bougenville Resort;Grafika Cikole;Bandung Treetop Adventure Park;De Ranch', '150000;10000;20000;35000;50000;65000'),
(23, '6167f02d4c392', 'DULANG RESORT AND RESTO;Bumi Perkemahan Cikole;Lembah Bougenville Resort;Gunung Batu;Eurad High Land (puncak eurad);Sindang Geulis Kahuripan', '1000000;10000;10000;10000;10000;10000'),
(24, '61682b9c72b8a', 'HOTEL SINTA;HOTEL JUVANTE;Maribaya The Hotspring Resort;Lintas Hutan Indah Jaya Giri;Bumi Perkemahan Cikole;Lembah Bougenville Resort;Grafika Cikole;Bandung Treetop Adventure Park;The Lodge Maribaya;Fairy Garden by the lodge;De Ranch;Farm House', '250000;250000;45000;5000;10000;10000;15000;15000;35000;25000;15000;25000'),
(25, 'BOK6169ba57cb265', 'HOTEL SINTA;HOTEL JUVANTE;Maribaya The Hotspring Resort;Lintas Hutan Indah Jaya Giri;Bumi Perkemahan Cikole;Lembah Bougenville Resort;Grafika Cikole;Bandung Treetop Adventure Park;The Lodge Maribaya;Fairy Garden by the lodge;De Ranch;Farm House', '250000;250000;45000;5000;10000;10000;15000;15000;35000;25000;15000;25000'),
(26, 'BOK616ab818215f6', 'HOTEL SINTA;HOTEL JUVANTE;Maribaya The Hotspring Resort;Lintas Hutan Indah Jaya Giri;Bumi Perkemahan Cikole;Lembah Bougenville Resort;Grafika Cikole;Bandung Treetop Adventure Park;The Lodge Maribaya;Fairy Garden by the lodge;De Ranch;Farm House;HOTEL SINT', '250000;250000;45000;5000;10000;10000;15000;15000;35000;25000;15000;25000;250000;250000;45000;5000;10000;10000;15000;15000;35000;25000;15000;25000'),
(27, 'BOK616ab973a07c4', 'HOTEL SINTA;HOTEL JUVANTE;Maribaya The Hotspring Resort;Lintas Hutan Indah Jaya Giri;Bumi Perkemahan Cikole;Lembah Bougenville Resort;Grafika Cikole;Bandung Treetop Adventure Park;The Lodge Maribaya;Fairy Garden by the lodge;De Ranch;Farm House;HOTEL SINTA;HOTEL JUVANTE;Maribaya The Hotspring Resort;Lintas Hutan Indah Jaya Giri;Bumi Perkemahan Cikole;Lembah Bougenville Resort;Grafika Cikole;Bandung Treetop Adventure Park;The Lodge Maribaya;Fairy Garden by the lodge;De Ranch;Farm House', '250000;250000;45000;5000;10000;10000;15000;15000;35000;25000;15000;25000;250000;250000;45000;5000;10000;10000;15000;15000;35000;25000;15000;25000'),
(28, 'BOK616bd81014321', 'HOTEL SINTA;Maribaya The Hotspring Resort;Lintas Hutan Indah Jaya Giri;Bumi Perkemahan Cikole;Lembah Bougenville Resort;Grafika Cikole', '250000;45000;5000;10000;10000;15000'),
(29, 'BOK616f2777be407', 'HOTEL SINTA;Maribaya The Hotspring Resort;Lintas Hutan Indah Jaya Giri;Bumi Perkemahan Cikole;Lembah Bougenville Resort;Grafika Cikole;Bandung Treetop Adventure Park;The Lodge Maribaya;Fairy Garden by the lodge;De Ranch;Farm House;HOTEL JUVANTE;Maribaya The Hotspring Resort;Lintas Hutan Indah Jaya Giri;Bumi Perkemahan Cikole;Lembah Bougenville Resort;Grafika Cikole;Bandung Treetop Adventure Park;The Lodge Maribaya;Fairy Garden by the lodge;De Ranch;Farm House', '250000;45000;5000;10000;10000;15000;15000;35000;25000;15000;25000;250000;45000;5000;10000;10000;15000;15000;35000;25000;15000;25000');

-- --------------------------------------------------------

--
-- Struktur dari tabel `hotel_perkecamatan`
--

CREATE TABLE `hotel_perkecamatan` (
  `id` int(11) NOT NULL,
  `id_hotel_perkecamatan` int(20) NOT NULL,
  `nama` varchar(200) NOT NULL,
  `jenis` varchar(200) NOT NULL,
  `jumlah_kamar` varchar(100) NOT NULL,
  `biaya` varchar(100) NOT NULL,
  `latitude` varchar(200) NOT NULL,
  `longitude` varchar(200) NOT NULL,
  `flag_active` int(1) NOT NULL
) ENGINE=InnoDB DEFAULT CHARSET=latin1;

--
-- Dumping data untuk tabel `hotel_perkecamatan`
--

INSERT INTO `hotel_perkecamatan` (`id`, `id_hotel_perkecamatan`, `nama`, `jenis`, `jumlah_kamar`, `biaya`, `latitude`, `longitude`, `flag_active`) VALUES
(1, 1, 'HOTEL SINTA', 'HOTEL (Melati II)', '11', '250000', '-6.824008469593763', '107.6085399324659', 1),
(2, 1, 'HOTEL JUVANTE', 'HOTEL (Melati III)', '14', '250000', '-6.840074121704453', '107.59698427973794', 1),
(3, 1, 'HOTEL PANORAMA PANGHEGAR', 'HOTEL (Bintang III)', '54', '400000', '-6.810260748206908', '107.62491666809201', 1),
(4, 1, 'NARIMA INDAH', 'Hotel dan Restoran (Melati III)', '44', '250000', '-6.811091371702619', '107.62458388742795', 1),
(5, 1, 'PENGINAPAN 68', 'Penginapan (Melati III)', '8', '150000', '-6.83477570023552', '107.60255192576314', 1),
(7, 1, 'VILLA UNGU', 'Villa (Melati III)', '15', '4500000', '-6.799303732686636', '107.57960699621295', 1),
(8, 1, 'MARIBAYA FAMILY GUEST HOUSE', 'Penginapan (Melati III)', '11', '350000', '-6.816576189074542', '107.62724582576286', 1),
(9, 1, 'HOTEL DIAMOND ', 'HOTEL (Melati II)', '18', '200000', '-6.81249575354348', '107.62500331239525', 1),
(10, 1, 'PENGINAPAN KORI INDAH ', 'Penginapan (Melati I)', '9', '200000', '-6.8185847009677465', '107.61121596809207', 1),
(11, 1, 'MANGGALA GIRI ', 'Penginapan (Melati III)', '20', '500000', '-6.808110948256149', '107.63333659692736', 1),
(12, 1, 'WISMA NURMA GUNUNG PUTERI ', 'Penginapan (Melati II)', '10', '520000', '-6.813213595068452', '107.62339966809205', 1),
(13, 1, 'VISTA PARINDO (Hotel Puteri Gunung )', 'HOTEL (Bintang IV)', '128', '520000', '-6.81103350130867', '107.6292136392565', 1),
(14, 1, 'VILLA LAGENTA ', 'Villa (Melati III)', '5', '4500000', '-6.817900100998654', '107.60495919692748', 1),
(15, 1, 'HOTEL PESONA BAMBU', 'HOTEL (Bintang III)', '90', '380000', '-6.813703901188155', '107.61469269692746', 1),
(16, 1, 'VILLA AURELIA', 'Villa dan Kolam Renang (Melati III)', '27', '400000', '-6.825304100664098', '107.66789029692765', 1),
(17, 1, 'HOTEL HIKMAT INDAH', 'HOTEL (Melati III)', '15', '250000', '-6.811138048186807', '107.6246251392566', 1),
(18, 1, 'BUMI MAKMUR INDAH', 'HOTEL (Melati III)', '112', '350000', '-6.813414729740077', '107.61565652206687', 1),
(19, 1, 'LA’ OMA', 'Hotel dan Restoran (Melati III)', '25', '520000', '-6.820542989248153', '107.62171989692757', 1),
(20, 1, 'SINDANG RERET II', 'Hotel & Rumah Makan (Melati III)', '12', '700000', '-6.8132829012071765', '107.65704749692745', 1),
(21, 1, 'PONDOK PANORAMA', 'Pondok (Melati III)', '18', '300000', '-6.811545496020885', '107.62528994634296', 1),
(22, 1, 'PONDOK KAHURIPAN', 'HOTEL', '41', '250000', '-6.831802942398195', '107.60552186809217', 1),
(23, 1, 'VILLA ENGGAL', 'Villa (Melati III)', '11', '280000', '-6.808559548245911', '107.64114682576286', 1),
(24, 10, 'MASON PINE HOTEL', 'HOTEL (Bintang IV)', '135', '900000', '-6.863991098909956', '107.47994096809249', 1),
(25, 1, 'HOTEL YEHEZKIEL', 'Villa (Melati III)', '49', '150000', '-6.814030237205046', '107.62480859324859', 1),
(26, 1, 'VILLA DE ROSSA', 'HOTEL (Melati III)', '14', '350000', '-6.813755995068042', '107.62440226809196', 1),
(27, 1, 'BELLA VISTA ', 'Hotel Melati 3 (Tiga)', '6', '250000', '-6.827646504076391', '107.610801341016', 1),
(28, 1, 'MOUNTAINS SPRINGS', 'Hotel & Restoran\r\nMelati 3 (Tiga)', '16', '450000', '-6.806322063692562', '107.63128821820123', 1),
(29, 1, 'VILLA LEMON', 'Villa Melati 2 (Dua)', '10', '300000', '-6.816395307068118', '107.61040905459839', 1),
(30, 1, 'PT. LEMBANG ASRI VISTA ADHI', 'Hotel & Jasa Boga Melati 3 (Tiga)', '52', '310000', '-6.797682230396268', '107.59851896719876', 1),
(31, 1, 'VILLA MELATI PUTIH', 'Hotel Melati III', '62', '220000', '-6.8078994235949075', '107.6470264498966', 1),
(32, 1, 'TAKASIMAYA', 'Hotel Bintang III (Tiga)', '69', '220000', '-6.81595210108666', '107.61867209692747', 1),
(33, 11, 'PT. TEBING VIEW VILLAGE ', 'Villa Melati III', '24', '530000', '-6.824398505067027', '107.57924781646034', 1),
(34, 1, 'OSMOND VILLA RESORT', 'VILLA', '20', '450000', '-6.802820086670626', '107.62873170771765', 1),
(35, 11, 'GREEN FOREST RESORT', 'PENGINAPAN', '16', '380000', '-6.822192447933303', '107.59809665275034', 1),
(36, 1, 'PADEPOKAN MADANI', 'PENGINAPAN', '12', '350000', '-6.83556130019996', '107.62238835275053', 1),
(37, 1, 'BANTAL GULING VILLA', 'VILLA MELATI I', '4', '200000', '-6.821153006641596', '107.6073619680921', 1),
(38, 1, 'GRAND PARADISE  HOTEL', 'HOTEL DAN RESTO', '85', '320000', '-6.8108534950701145', '107.62495619692751', 1),
(39, 1, 'CHYNTHIA GARDEN HOTEL', 'HOTEL DAN RESTO Melati II', '14', '200000', '-6.819194497590543', '107.61182391536575', 1),
(40, 1, 'THE RADIANT VILLA', 'VILLA MELATI II', '20', '400000', '-6.825069889446291', '107.630655425763', 1),
(41, 11, 'VILLA CHOCOLATE', 'VILLA MELATI I', '2', '200000', '-6.815351718522032', '107.59481202053627', 1),
(42, 1, 'GRAND HANI', 'PENGINAPAN', '50', '320000', '-6.836042647615058', '107.60137179692764', 1),
(43, 1, 'DULANG RESORT AND RESTO', 'PENGINAPAN DAN RESTO', '9', '1000000', '-6.83312965240969', '107.63118644314461', 1),
(44, 1, 'IMAH SENIMAN', 'PENGINAPAN', '21', '300000', '-6.822063700810591', '107.60594939692758', 1),
(45, 11, 'KAMPOENG LEGOK', 'PENGINAPAN/COTTAGE', '84', '300000', '-6.809589101373869', '107.59992029692741', 1),
(46, 1, 'TIARA GEENA ABADI', 'PENGINAPAN', '22', '250000', '-6.823416368321264', '107.61081509795847', 1),
(47, 1, 'SAPU LIDI', 'VILLA RESORT', '21', '500000', '-6.812579601238905', '107.59828539692738', 1),
(48, 1, 'HOTEL AUGUSTA LEMBANG', 'PENGINAPAN', '45', '250000', '-6.809438486100101', '107.62581761042115', 0),
(49, 1, 'VILLA AIR', 'VILLA MELATI 3', '15', '1200000', '-6.797137341652537', '107.58304626809182', 1),
(50, 1, 'VILLA PURI TERAS', 'VILLA', '16', '250000', '-6.815630242049823', '107.59825721042118', 1),
(51, 1, 'MOSCATO', 'HOTEL BINTANG 3', '40', '400000', '-6.839664000014111', '107.59740509692766', 1),
(52, 1, 'WISMA MAYA', 'WISMA', '15', '550000', '-6.817611753985284', '107.63017289692748', 1),
(53, 1, 'VILLA CEMARA', 'VILLA\r\n', '20', '3500000', '-6.817654281986955', '107.63180363522565', 1),
(54, 1, 'HOTEL VILLA VENETY ', 'VILLA', '18', '470000', '-6.82499264786899', '107.64618388528186', 1),
(55, 11, 'HOTEL CHERIES ', 'HOTEL ', '80', '250000', '-6.817947910606489', '107.58799765317585', 1),
(56, 1, 'VILLA ZIKO ', 'VILLA', '13', '2000000', '-6.818030648028772', '107.60296499692747', 1),
(57, 1, 'VILLA BAVERLY', 'VILLA', '20', '330000', '-6.814938907198561', '107.60273046994011', 1),
(58, 1, 'VILLA BARLI', 'VILLA', '20', '330000', '', '', 1),
(59, 1, 'HOTEL ALPHA CLASSICA ', 'HOTEL NON BINTANG', '50', '250000', '-6.811170101302529', '107.62408833925662', 1),
(60, 1, 'HOTEL JAYAGIRI', 'HOTEL NON BINTANG', '55', '200000', '-6.7913408176984245', '107.65429365115722', 1),
(61, 1, 'VILLA KULAWARGA ', 'VILLA ', '10', '330000', '-6.792601695083054', '107.65437183925638', 1),
(62, 1, 'VILLA TUJUH BIDADARI ', 'VILLA ', '15', '530000', '-6.811326348182481', '107.635329268092', 1),
(63, 1, 'VILLA OMO', 'VILLA ', '9', '300000', '-6.812068541973202', '107.63815949692737', 1),
(64, 1, 'PENGINAPAN SERUNI ', 'PENGINAPAN ', '25', '250000', '-6.815017942036659', '107.62379992576292', 1),
(65, 1, 'VILLA BIRU', 'VILLA ', '12', '1500000', '-6.826952605047137', '107.64456521706995', 1);

-- --------------------------------------------------------

--
-- Struktur dari tabel `transaksi`
--

CREATE TABLE `transaksi` (
  `id` int(11) NOT NULL,
  `order_id` varchar(100) NOT NULL,
  `va_number` varchar(100) NOT NULL,
  `bank` varchar(100) NOT NULL,
  `payment_type` varchar(100) NOT NULL,
  `nama` varchar(200) NOT NULL,
  `email` varchar(200) NOT NULL,
  `phone` varchar(50) NOT NULL,
  `layanan` varchar(100) NOT NULL,
  `tanggal_booking` date NOT NULL,
  `tanggal_berangkat` date NOT NULL,
  `tanggal_pulang` date NOT NULL,
  `jumlah_bayar` varchar(100) NOT NULL,
  `transaction_status` varchar(100) NOT NULL,
  `transaction_time` varchar(100) NOT NULL,
  `settlement_time` varchar(100) NOT NULL
) ENGINE=InnoDB DEFAULT CHARSET=latin1;

--
-- Dumping data untuk tabel `transaksi`
--

INSERT INTO `transaksi` (`id`, `order_id`, `va_number`, `bank`, `payment_type`, `nama`, `email`, `phone`, `layanan`, `tanggal_booking`, `tanggal_berangkat`, `tanggal_pulang`, `jumlah_bayar`, `transaction_status`, `transaction_time`, `settlement_time`) VALUES
(53, '6167e5269c996', '', '', '', 'Administrator', 'pb_luncat@yahoo.com', '082119032419', 'Payment Gateway', '2021-10-14', '2021-10-14', '2021-10-15', '215000', 'Pending', '', ''),
(54, '6167f02d4c392', '', '', '', 'Administrator', 'pb_luncat@yahoo.com', '082119032419', 'Payment Gateway', '2021-10-14', '2021-10-14', '2021-10-15', '1050000', 'Settlement', '', ''),
(55, '61682b9c72b8a', '', '', '', 'Muhammad Shafrizal', 'muhammadshafrizal99@gmail.com', '082119032419', 'Payment Gateway', '2021-10-14', '2021-10-14', '2021-10-16', '700000', 'Settlement', '', ''),
(56, 'BOK6169ba57cb265', '', '', '', 'Muhammad Shafrizal', 'muhammadshafrizal99@gmail.com', '082119032419', 'Payment Gateway', '2021-10-15', '2021-10-16', '2021-10-18', '700000', 'Pending', '', ''),
(57, 'BOK616ab818215f6', '', '', '', 'Muhammad Shafrizal', 'muhammadshafrizal99@gmail.com', '082119032419', 'Payment Gateway', '2021-10-16', '2021-10-16', '2021-10-18', '1400000', 'Pending', '', ''),
(58, 'BOK616ab973a07c4', '', '', '', 'Muhammad Shafrizal', 'muhammadshafrizal99@gmail.com', '082119032419', 'Payment Gateway', '2021-10-16', '2021-10-16', '2021-10-18', '1400000', 'Pending', '', ''),
(59, 'BOK616bd81014321', '', '', '', 'Administrator', 'pb_luncat@yahoo.com', '082119032419', 'Payment Gateway', '2021-10-17', '2021-10-17', '2021-10-18', '335000', 'Settlement', '', ''),
(60, 'BOK616f2777be407', '', '', '', 'Administrator', 'pb_luncat@yahoo.com', '082119032419', 'Payment Gateway', '2021-10-19', '2021-10-21', '2021-10-21', '900000', 'Pending', '', '');

-- --------------------------------------------------------

--
-- Struktur dari tabel `user`
--

CREATE TABLE `user` (
  `id` int(11) NOT NULL,
  `name` varchar(200) NOT NULL,
  `nik` varchar(200) NOT NULL,
  `jenis_kelamin` varchar(100) NOT NULL,
  `no_tlp` varchar(100) NOT NULL,
  `email` varchar(200) NOT NULL,
  `image` varchar(200) NOT NULL,
  `password` varchar(256) NOT NULL,
  `role_id` int(11) NOT NULL,
  `flag_active` int(1) NOT NULL,
  `date_created` int(11) NOT NULL
) ENGINE=InnoDB DEFAULT CHARSET=latin1;

--
-- Dumping data untuk tabel `user`
--

INSERT INTO `user` (`id`, `name`, `nik`, `jenis_kelamin`, `no_tlp`, `email`, `image`, `password`, `role_id`, `flag_active`, `date_created`) VALUES
(3, 'Administrator', '321706250399001', 'Pria', '082119032419', 'pb_luncat@yahoo.com', 'motor.gif', '$2y$10$.xwGS89MptHhyiT9IS9W/eitKqJZeW4Y1xnCwMS1CAqthil3BtAkm', 1, 1, 1622563391),
(11, 'Luluk Alfiani', '32170982121212', 'Wanita', '121211212', 'alfianiluluk@gmail.com', 'default.jpg', '$2y$10$uLJ7tv3rrrLl6youMgRKeet4Gr6jZ3e2NXBSKzRLunxJbPBUXuE6S', 2, 0, 1628486884),
(13, 'Muhammad Shafrizal', '32706250399001', 'Pria', '082119032419', 'muhammadshafrizal99@gmail.com', 'motor2.gif', '$2y$10$5t6M2U/pniT5GHFThx5KdeeNlk4zoTyEeJX0DV.ioKRcehBioc5tm', 2, 1, 1628497948),
(15, 'Fenna', '082172618215217', 'Wanita', '126142146612', 'fennatiara27.ft@gmail.com', 'default.jpg', '$2y$10$Fy9HIamCbeNBLZnrS03i5eFiS8s0h21QMQdVgTx7jB78ExEAm/fUG', 2, 1, 1633167201);

-- --------------------------------------------------------

--
-- Struktur dari tabel `user_access_menu`
--

CREATE TABLE `user_access_menu` (
  `id` int(11) NOT NULL,
  `role_id` int(11) NOT NULL,
  `menu_id` int(11) NOT NULL
) ENGINE=InnoDB DEFAULT CHARSET=latin1;

--
-- Dumping data untuk tabel `user_access_menu`
--

INSERT INTO `user_access_menu` (`id`, `role_id`, `menu_id`) VALUES
(1, 1, 1),
(2, 1, 2),
(3, 2, 2),
(4, 1, 3),
(8, 2, 4),
(10, 1, 4);

-- --------------------------------------------------------

--
-- Struktur dari tabel `user_menu`
--

CREATE TABLE `user_menu` (
  `id` int(11) NOT NULL,
  `menu` varchar(128) NOT NULL
) ENGINE=InnoDB DEFAULT CHARSET=latin1;

--
-- Dumping data untuk tabel `user_menu`
--

INSERT INTO `user_menu` (`id`, `menu`) VALUES
(1, 'Admin'),
(2, 'User'),
(3, 'Menu'),
(4, 'Booking');

-- --------------------------------------------------------

--
-- Struktur dari tabel `user_role`
--

CREATE TABLE `user_role` (
  `id` int(11) NOT NULL,
  `role` varchar(128) NOT NULL
) ENGINE=InnoDB DEFAULT CHARSET=latin1;

--
-- Dumping data untuk tabel `user_role`
--

INSERT INTO `user_role` (`id`, `role`) VALUES
(1, 'Administrator'),
(2, 'Mamber');

-- --------------------------------------------------------

--
-- Struktur dari tabel `user_sub_menu`
--

CREATE TABLE `user_sub_menu` (
  `id` int(11) NOT NULL,
  `menu_id` int(11) NOT NULL,
  `title` varchar(128) NOT NULL,
  `url` varchar(128) NOT NULL,
  `icon` varchar(128) NOT NULL,
  `flag_active` int(1) NOT NULL
) ENGINE=InnoDB DEFAULT CHARSET=latin1;

--
-- Dumping data untuk tabel `user_sub_menu`
--

INSERT INTO `user_sub_menu` (`id`, `menu_id`, `title`, `url`, `icon`, `flag_active`) VALUES
(1, 1, 'Dashboard', 'admin', 'fas fa-fw fa-tachometer-alt', 1),
(2, 2, 'My Profile', 'user', 'fas fa-fw fa-user', 1),
(3, 2, 'Edit Profile', 'user/edit', 'fas fa-fw fa-user-edit', 1),
(4, 3, 'Menu Management', 'menu', 'fas fa-fw fa-folder', 1),
(5, 3, 'Submenu Management', 'menu/submenu', 'fas fa-fw fa-folder-open', 1),
(7, 1, 'Role', 'admin/role', 'fas fa-fw fa-user-tie', 1),
(8, 2, 'Change Password', 'user/changepassword', 'fas fa-fw fa-key', 1),
(9, 4, 'Pemesanan', 'booking', 'fas fa-fw fa-clipboard-list', 1),
(10, 4, 'List Transaksi', 'booking/listtransaksi', 'fas fa-fw fa-clipboard-check', 1),
(11, 1, 'Data Pengguna', 'admin/dataPengguna', 'fas fa-fw fa-users-cog', 1),
(12, 1, 'Data Wisata', 'admin/dataWisata', 'fas fa-fw fa-map-marked-alt', 1),
(13, 1, 'Data Penginapan', 'admin/dataPenginapan', 'fas fa-fw fa-hotel', 1);

-- --------------------------------------------------------

--
-- Struktur dari tabel `user_token`
--

CREATE TABLE `user_token` (
  `id` int(11) NOT NULL,
  `email` varchar(128) NOT NULL,
  `token` varchar(128) NOT NULL,
  `date_created` int(11) NOT NULL
) ENGINE=InnoDB DEFAULT CHARSET=latin1;

--
-- Dumping data untuk tabel `user_token`
--

INSERT INTO `user_token` (`id`, `email`, `token`, `date_created`) VALUES
(21, 'alfianiluluk@gmail.com', '337bWVk6dUYafsfJ+fEz8D9wsTb1/Cum+ryOrHtRj9I=', 1628486533),
(22, 'alfianiluluk@gmail.com', 'JdIdStr3bqSCkqFw8rOxe6HwNHlHuYyPap1dgto6RxY=', 1628486884),
(23, 'muhammadshafrizal99@gmail.com', '3+ZvDwk2Mu4jIwvLHAPBwRZVO7SKhBa4tPgWFkRuQpM=', 1628764765),
(24, 'muhammadshafrizal99@gmail.com', 'w3SfBatXEe5ht0QtROlHvaisleqjHQ635OXYpQ85gwI=', 1630237392),
(25, 'muhammadshafrizal99@gmail.com', 'Akw14+7qwj6nLAghPkIQrEKzHX4P1o8z8AgLRazLUBk=', 1630237429),
(26, 'muhammadshafrizal99@gmail.com', 'blXudHfVdlFtTHrTfzhoDtu2zY+3BBSqhSbKj58cHdg=', 1633166409),
(27, 'muhammadshafrizal99@gmail.com', 'OJhzUJ3/rcdzTb/qE0xTaYQcMITpIjSNdBO58DG4T+g=', 1633166423),
(28, 'fennatiara27.ft@gmail.com', 'ckZvu5qecIjNhMqwsQPfj2y0UxlGsSykH0opvGcyzCQ=', 1633166906),
(29, 'fennatiara27.ft@gmail.com', '3tUI5AgJlEY0aQ4nos7hndHrtE8pu5TQD6EVbfd+PTs=', 1633167201),
(30, 'fennatiara27.ft@gmail.com', 'QSEYP5G0QzjQ4TduuO5j/u2M8KR43yDijvJTRFfTXSU=', 1634029613),
(31, 'muhammadshafrizal99@gmail.com', 'yX6l8NDma5CkwI002maIcgomtIOSquZT6P8uz6a/nJ4=', 1634029646),
(32, 'muhammadshafrizal99@gmail.com', 'TnU5bjDTKvBqTbjmgTNyaKrezrtfaSLd7/prdRFfGMY=', 1634029890);

-- --------------------------------------------------------

--
-- Struktur dari tabel `wisata`
--

CREATE TABLE `wisata` (
  `id` int(11) NOT NULL,
  `kecamatan` varchar(100) NOT NULL
) ENGINE=InnoDB DEFAULT CHARSET=latin1;

--
-- Dumping data untuk tabel `wisata`
--

INSERT INTO `wisata` (`id`, `kecamatan`) VALUES
(1, 'Lembang'),
(2, 'Ngamprah'),
(3, 'Cikalong Wetan'),
(4, 'Cililin'),
(6, 'Cipatat'),
(7, 'Cipongkor'),
(8, 'Cisarua'),
(9, 'Gunung Halu'),
(10, 'Padalarang'),
(11, 'Parongpong'),
(12, 'Rongga'),
(13, 'Saguling'),
(14, 'Cipeundeuy'),
(15, 'Sindang Kerta');

-- --------------------------------------------------------

--
-- Struktur dari tabel `wisata_perkecamatan`
--

CREATE TABLE `wisata_perkecamatan` (
  `id` int(11) NOT NULL,
  `id_kecamatan` int(11) NOT NULL,
  `hotel_id` int(11) NOT NULL,
  `nama` varchar(255) NOT NULL,
  `status` varchar(100) NOT NULL,
  `biaya` varchar(100) NOT NULL,
  `latitude` varchar(200) NOT NULL,
  `longitude` varchar(200) NOT NULL,
  `foto` varchar(200) NOT NULL,
  `detail` text NOT NULL,
  `flag_active` int(1) NOT NULL
) ENGINE=InnoDB DEFAULT CHARSET=latin1;

--
-- Dumping data untuk tabel `wisata_perkecamatan`
--

INSERT INTO `wisata_perkecamatan` (`id`, `id_kecamatan`, `hotel_id`, `nama`, `status`, `biaya`, `latitude`, `longitude`, `foto`, `detail`, `flag_active`) VALUES
(1, 1, 1, 'Maribaya The Hotspring Resort', 'Pemda (di kerjasamakan dengan PT.Akurasi Kuatmega)', '45000', '-6.830721181652593', '107.6551856006237', 'img/Wisata/Lembang/maribaya.jpg', 'Kawasan Lembang ini terdapat salah satu tempat wisata yang wajib untuk di kunjungi, yaitu Maribaya Natural Hot Spring Resort berlokasi di Jalan Raya Lembang No. 105/212 Langensa, Lembang, Bandung. Tempat wisata ini memiliki luas area kurang lebih 6 hektar dan berjarak kurang dari 30 km dari pusat kota Bandung. Sebelum menjadi Maribaya Natural Hot Spring Resort, dulunya tempat wisata ini dikenal sebagai pemandian air panas Maribaya oleh warga Bandung. Setelah itu, tempat wisata ini sempat ditutup beberapa tahun lamanya untuk direnovasi dan kembali dibuka pada akhir Juli 2015 lalu. Tampil dengan wajah baru, tempat ini berubah karena ditunjang oleh prasarana wisata yang lengkap, serta konsep yang lebih modern. Setelah badan kembali berenergi, para pengunjung bisa memasuki kawasan wisata dengan sebuah jembatan yang harus dilewati. Terdapat kolam pancing dan tangkap ikan Talaga Giri dengan spot menarik layaknya area wisata anak-anak, namun pengunjung harus membayar tiket masuk tambahan lagi jika ingin menikmati wahana yang satu ini.', 1),
(2, 1, 1, 'Lintas Hutan Indah Jaya Giri', 'Perum (BUMN)', '5000', '-6.798326240692311', '107.62194589692729', 'img/Wisata/Lembang/jayagiri.jpg', 'Wana Wisata Lintas Hutan Indah (LHI) Jayagiri merupakan tempat wisata dengan nuansa alam yang berada di Lembang, Bandung. Tempat wisata LHI Jayagiri merupakan area hutan alami yang asri, memiliki udara yang masih segar, penuh dengan oksigen yang dapat kita hirup sepuasnya. Sebagian besar area ini, merupakan hutan pinus dengan luas mencapai 7 hektar dan memiliki ketinggian 1. 450 meter di atas permukaan laut. Tempat ini, berada di kaki Gunung Tangkuban Parahu, dengan suhu 18-29 derajat selsius, membuat daerah ini sangat cocok untuk membuat pikiran kita menjadi lebih fresh.', 1),
(3, 1, 1, 'Bumi Perkemahan Cikole', 'KPH Bandung Utara', '10000', '-6.780331989902299', '107.64984068228307', 'img/Wisata/Lembang/Bumi-Perkemahan-Cikole.jpg', 'Wisata Bumi Perkemahan – Cikole di Cikole Bandung jawa Barat memiliki pesona keindahan yang sangat menarik untuk dikunjungi. Sangat di sayangkan jika anda berada di kota bandung tidak mengunjungi wisata alam yang mempunyai keindahan yang tiada duanya tersebut. Wisata Bumi Perkemahan – Cikole di Cikole Bandung jawa Barat Merupakan sebuah wahana wisata alam yang memiliki pemandangan yang indah dan disini Anda juga dapat menikmati outbound yang seru bersama dengan rombongan. Lokasi wisata ini telah ada sejak tahun 2010 yang dikelola oleh Perum Perhutani dan sekarang telah menjadi sebuah resort, yaitu kawasan wisata alam yang terpadu dengan memiliki berbagai macam fasilitas pendukung yang memadai.berada tepat di poros wisata Lembang, Tangkuban Parahu. Resort ini menyediakan berbagai fasilitas beserta akomodasi yang sangat nyaman berupa cottage yang terdapat ditengah asrinya hutan pinus. Tersedia juga camping ground yang dapat menampung 1500 peserta dengan dilengkapi dengan function room seluas 200 m2 yang dapat dimanfaatkan untuk rapat, seminar maupun untuk pesta.cikole resort juga menawarkan berbagai macam jenis aktivitas luar ruangan seperti outbound training, treetop adventure, paint ball, ATV Ride dan juga terdapat arena sepeda gunung khusus untuk Down Hill. Semuanya terpadu dalam satu lokasi seluas 20 Ha.', 1),
(4, 1, 1, 'Lembah Bougenville Resort', 'Swasta', '10000', '-6.821742872021087', '107.6703047680921', 'img/Wisata/Lembang/Lembah-Bugenville.jpg', 'Lembah Bougenville Resort terletak di daerah perbukitan Maribaya pada ketinggian +/- 1.205 M DPL, dikelilingi oleh gunung Bukit Tunggul, Taman Hutan Raya Ir. H. Juanda dan menghadap ke arah gunung Tangkuban Parahu. Kawasan ini dibangun sekitar tahun 1996 dan dibuka resmi untuk umum pada awal tahun 2004. Sejak dibuka untuk umum, Lembah Bougenville Resort menjadi pilihan alternatif bagi liburan keluarga, karyawan perusahaan, instansi pemerintahan, sekolah,  maupun kelompok-kelompok yang menginginkan suasana yang sejuk, bersih,  udara yang segar, jauh dari hiruk pikuk perkotaan.', 1),
(5, 1, 1, 'Grafika Cikole', 'Swasta', '15000', '-6.785020730634999', '107.65152424166176', 'img/Wisata/Lembang/Grafika-Cikole.jpg', 'Terminal Wisata terpadu Grafika Cikole ini berada di ketinggian 1.400 mdpl dengan dikelilingi oleh hutan pohon pinus yang luas. Tempat ini mempunyai udara yang sejuk, dan dingin dimalam hari. Suru udara siang berkisar 25 derajat celsius dengan suhu terendah 6 derajat celsius di malam hari. Kawasan wisata terpadu ini letaknya berada di jalur wisata yang sudah cukup terkenal di daerah Bandung. Berada di jalur menuju ke kawasan wisata Tangkuban Perahu dan juga kawasan wisata alam air panas Ciater yang sudah cukupekenal, membuat lokasi ini mudah didatangi. Terminal Wisata alam Grafika Cikole Bandung ini terletak di jalan Raya Tangkuban Perahu km 8. Desa Cikole, Kecamatan Lembang Kabupaten Bandung Barat. Untuk jam operasional, mengingat ini merpakan wisata terpadu yang juga menyediakan fasilitas camping ground,maka lokasi ini buka 24 sehari, 7 hari seminggu.', 1),
(6, 1, 2, 'Bandung Treetop Adventure Park', 'KPH Bandung Utara', '15000', '-6.7819176875624345', '107.64980536809175', 'img/Wisata/Lembang/Treetop.jpg', 'Kawasan Bandung Treetop Adventure Park buka setiap hari yaitu pada hari Senin - Minggu. Sedangkan untuk waktu berkunjung, anda bisa berkunjung pada pukul 08.00 – 17.00 WIB. Bandung Treetop Adventure Park Cikole Lembang merupakan wahana permainan yang menyediakan fasilitas untuk menguji nyali tingkat tinggi bagi anda yang berkunjung ke tempat ini. Wisata yang terletak di Lembang ini merupakan tempat yang sering dikunjungi wisatawan lokal dan mancanegara, dimana mereka ingin merasakan serunya tantangan dan berpetualang menikmati sensasi unik dan menguji adrenalin. Sensasi yang akan anda rasakan saat melintasi pohon pinus satu demi satu meluncur dengan Flying Fox Challenges yang panjang lintasannya sampai 160 m dengan tinggi 20 m, membuat jantung berdegup kencang disertai dengan semilir angin yang menemani kita di sepanjang lintasan flying fox. Berawal di tahun 1995, Treetop Adventure Park pertama kali dibuka di French Alps, Perancis. Dikarenakan memiliki sensasi tersendiri dan mampu menarik perhatian wisatawan, wahana permainan yang menggabungkan wisata taman dan wisata petualangan ini berhasil membuat jantung siapapun berdegup kencang. Alhasil. wisata ini hingga tahun 2000 mencapai 45 buah Treetop Adventure Park di negara Perancis sendiri dan sekitar 300-an Treetop telah menyebar luas ke Italia, Swiss, Inggris, Spanyol, dan Kanada. Setelah tahun 2006, Treetop Adventure Park mulai merambah ke daerah Asia-Pasifik di Australia, Singapura, Jepang, Selandia Baru, dan Bali. Kemudian pada awal tahun 2010, Bandung berkesempatan menjadi bagian dari jaringan Adventure Park yaitu dengan didirikanya Bandung Treetop Adventure Park yang lokasinya mengambil tempat sangat strategis, di kawasan wisata alam hutan pinus yang asri yaitu Cikole, Lembang, Bandung, Jawa Barat. Jika anda berkunjung ke sini, anda akan disambut dengan setiap sirkuit yang telah dirancang dengan tingkat kesulitan berbeda-beda antara dewasa dan anak yaitu yang telah berumur 4 tahun.', 1),
(7, 1, 2, 'The Lodge Maribaya', 'Swasta', '35000', '-6.829263245313252', '107.68744703275931', 'img/Wisata/Lembang/Lodge.jpg', 'The Lodge Maribaya adalah sebuah lokasi wisata alam pegunungan dimana para wisatawan dapat menikmati indahnya pemandangan dari atas rumah pohon yang sengaja dibuat.\r\nBerbagai lokasi atau objek wisata terbaik dapat kamu jadikan sebagai tempat berlibur yang menyenangkan. Salah satu lokasi wisata tujuan terfavorit di Bandung Jawa Barat yang bisa kamu kunjungi adalah The Lodge Maribaya. Sebuah wisata alam pegunungan lengkap dengan pemandangan yang begitu mempesona. The Lodge Maribaya adalah sebuah lokasi wisata alam pegunungan dimana para wisatawan dapat menikmati indahnya pemandangan dari atas rumah pohon yang sengaja dibuat. Di rumah pohon inilah kamu dapat menikmati indahnya panorama alam khas pegunungan dengan hamparan hutan pinus di sekelilingnya. ', 1),
(8, 1, 2, 'Fairy Garden by the lodge', 'Swasta', '25000', '-6.8240052007228265', '107.68839459692762', 'img/Wisata/Lembang/Fairy-Garden.jpg', 'Fairy Garden merupakan konsep kedua yang diusung setelah The Lodge yang fokus pada kaum dewasa. Agar memaksimalkan pengunjung usia anak-anak dibangunlah konsep Fairy garden dengan 6 wahana edukasi yang berada di dua tempat berbeda (indoor dan outdoor). Jam operasional taman yaitu dari jam 09.00 WIB sampai 16.30 WIB. Disarankan bagi pengunjung agar datang lebih awal untuk menghindari antrian parkir dan tiket yang mengular di akhir pekan. Pengunjung akan disambut pemandu yang berpakaian ala peri negeri dongeng. Banyak pertunjukan yang disuguhkan dari drama musikal, parade kostum, dan banyak lainnya. Pengunjung dapat menyewa kostum seperti peri untuk pelengkap berswafoto. Untuk pengunjung yang tidak membawa kamera jangan khawatir, karena disini ada jasa foto dan hasil foto dapat diambil setelah pengunjung pulang.', 1),
(9, 1, 2, 'De Ranch', 'Swasta', '15000', '-6.8151300384629065', '107.62665773908162', 'img/Wisata/Lembang/De-Ranch.jpg', 'Sebelum menjadi tempat wisata seperti sekarang ini, De Ranch Lembang Bandung dulunya merupakan sebuah peternakan sapi dan tempat tunggangan kuda.  RedTraveler yang datang ke tempat wisata bisa berkeliling tempat wisata dengan menaiki kuda dengan menggunakan atribut cowboy lengkap mulai dari baju cowboy, sepatu cowboy hingga topi cowboy. Area yang akan Anda kunjungi selama berkeliling ke tempat wisata ini diantaranya peternakan sapi, peternakan kuda, padang rumput, perkebunan dan banyak area lainnya di De Ranch. Selain itu, RedTraveler  yang membawa anak juga bisa mencoba berbagai macam wahana lainnya seperti kolam Pancing, Peti Luncur, Balon air, naik Delman dan tentunya menunggang kuda. Seperti yang telah sedikit disinggung di atas kalau De Ranch Lembang Bandung memiliki konsep layaknya Cowboy Amerika. Salah satu wahana menarik yang menjadi ciri khas dari De Ranch sendiri adalah fasilitas menunggang kudanya. Naik Kuda di sini Anda akan diajak berkeliling berbagai area seperti peternakan sapi, peternakan kuda, area padang rumput dan berbagai lokasi menarik yang ada di sini. Tidak hanya sekedar menunggang kuda saja,agar semakin merasakan sensasi layaknya cowboy Anda juga akan dipinjamkan kostum khusus layaknya cowboy sungguhan. Selain menunggang kuda, Anda juga bisa menikmati berbagai macam permaian seru lainnya yang ada di De Ranch. Tidak hanya untuk orang dewasa, ada juga beberapa  permainan di sini yang diperuntukan untuk anak-anak. Sebut saja beberapa permainan seperti Pony Kidz, Kuda Ayun, Peti Luncur, Kidtrik, Flying, Tricker hingga The Golf Hunter. Sedangkan untuk wahana airnya, RedTraveler bisa menjajal beberapa permainan seperti Kolam Pancing, Balon Air, Klan Indian Totem Web hingga Fun Boat.', 1),
(10, 1, 2, 'Farm House', 'Swasta', '25000', '-6.832990300316368', '107.60560756809232', 'img/Wisata/Lembang/Farm-House.jpg', 'Farmhouse Susu Lembang, merupakan sebuah area yang didalamnya terdapat beberapa bangunan yang ditata dengan suasana Eropa. Selain bangunan – bangunan bercitarasa Eropa yang ditawarkan disini, terdapat pula sebuah spot foto berupa rumah The Hobbit. Jadi bagi anda yang ingin merasakan bagaimana sensasi nya berfoto di depan rumah kurcaci, tidak perlu jauh – jauh terbang ke Eropa, karena Farmhouse Susu Lembang sudah menata nya sedemikian rupa hingga mirip seperti rumah kurcaci yang sebenarnya. Jika anda belum puas merasakan suasana Eropa, terdapat pula sewa baju ala gadis – gadis Eropa disini. Busana gadis Eropa lengkap dengan topi dari kain yang khas, dapat anda kenakan selama dua jam dengan membayar jasa sewa tentunya. Kenakan lah pakaian tersebut dan ambilah beberapa foto di bangunan – bangunan yang dibangun dengan eksterior ala Eropa, dijamin anda akan merasa benar – benar sedang berlibur disana. Setelah puas berkeliling dan mengambil beberapa foto, tentu perut anda akan terasa lapar bukan? Terdapat pula sebuah restoran yang tentu saja didekor satu tema dengan lokasi foto yang lainnya, yaitu bernuansa Eropa. Meskipun harga makanan di restoran ini cukup mahal, namun tidak ada salahnya jika anda mencoba untuk menikmati sajian yang ada di Farmhouse Susu Lembang. Bagi anda yang memiliki putra – putri, terdapat sebuah peternakan mini dengan beberapa hewan didalamnya. Seperti burung, kelinci dan domba berbulu putih. Anda dapat memberi makan hewan – hewan tersebut dengan pakan yang sudah disediakan. Fasilitas umum lainnya yang tersedia di Farmhouse susu Lembang ini yaitu mushala dan toilet yang cukup bersih dan nyaman untuk digunakan. Selain itu, sepanjang jalan mengelilingi area Farmhouse Susu Lembang ini, anda dapat bersitirahat dan bersantai sejenak di kursi – kursi yang sudah disediakan. Dan, jika anda adalah pasangan kekasih yang hendak melakukan foto prewedding, lokasi ini bisa jadi salah satu referensi anda melakukan sesi foto dengan nuansa alam Eropa.', 1),
(11, 1, 3, 'Floating Market', 'Swasta', '25000', '-6.81724733018562', '107.61816089664877', 'img/Wisata/Lembang/Floating-Market.jpg', 'Floating Market Lembang yang bila diartikan ke dalam bahasa Indonesia berarti Pasar terapung di Lembang ini bisa dikatakan merupakan satu-satunya pasar terapung yang terdapat di Bandung,bahkan di Jawa Barat.Berbeda dengan jenis pasar terapung yang ada di daerah lain di Indonesia yang menjadikan Sungai sebagai jalur transfortasinya,maka pasar terapung di Lembang ini menggunakan Situ atau danau sebagai pusat aktifitasnya. Konsep Tempat Wisata Di Lembang ini adalah ‘Desa dan Kampung Wisata’ yang mana menawarkan jenis wisata dengan latar alam khas pedesaan yang asri dan sejuk di sekitar Lembang yang memang dikenal sejuk udaranya dan indah pemandangan alamnya.Diresmikan operasionalnya mulai tanggal 12 Desember 2012,Floating Market kini menjadi wisata unggulan daerah Lembang.Floating Market Lembang sendiri sebenarnya berada di atas air kawasan situ seluas 7 hektar yang ada di Lembang yang bernama Situ Umar dan situ Karang Putri.Keberadaan lokasi wisata ini selain berfungsi sebagai cagar wisata situ-situ bandung yang hampir punah dan habis karena banyak yang telah berubah fungsi menjadi areal perumahan serta perekonomian,juga kawasan wisata pasar apung lembang ini menjadi pemberdaya ekonomi masyarakat sekitar dan objek penyumbang pendapatan asli daerah [PAD] Bandung.Sensasi wisata yang ditawarkan Floating Market Lembang untuk pengunjung adalah selain menawarkan keindahan alam sekitar situ atau danau yang asri dan indah,pengunjung juga akan disuguhkan dengan beragam aneka menu kuliner khas jawa barat atau sunda yang lezat dan nikmat, yang dijajakan di atas perahu-perahu yang berjumlah sekitar 46 buah yang berjajar rapi di sepanjang tepian kawasan danau. Menu kuliner serta jajanan seperti Baso tahu,Colenak,Siomay,Tahu Lembang,Surabi,Sosis Bakar,tempe mendoan,batagor,lotek,jagung bakar,karedok,otak-otak,ketan bakar,duren bakar,jamur,dimsum dan masih banyak menu kuliner menarik lainnya bisa anda nikmati dan cicipi hanya dengan kisaran harga mulai Rp.5000 sampai Rp.35.000.', 1),
(12, 1, 3, 'Orchid Forest', 'Swasta dan Perhutani', '35000', '-6.780492995091617', '107.63748572576247', 'img/Wisata/Lembang/Orchid.jpg', 'Orchid Forest Lembang, adalah sebuah objek wisata yang terletak di sebuah hutan lindung di Lembang. Luas dari Orchid Forest Lembang sekitar 12 hektar, yang didominasi oleh wisata alam terbuka, dengan udara sejuk khas Lembang. Orchid Forest Lembang sering disebut juga dengan nama Orchid Forest Cikole. Lokasinya berada di Lembang, Kabupaten Bandung Barat, menjadikan kunjungan ke sana layaknya sekali mendayung 2 pulau terlampaui. ', 1),
(13, 1, 3, 'Tangkuban Perahu', 'Swasta', '50000', '-6.7596800887263875', '107.60978065233715', 'img/Wisata/Lembang/Tangkuban-Perahu.jpg', 'Tangkuban Perahu atau Gunung Tangkuban Perahu adalah salah satu gunung yang terletak di Provinsi Jawa Barat, Indonesia. Sekitar 20 km ke arah utara Kota Bandung, dengan rimbun pohon pinus dan hamparan kebun teh di sekitarnya, Gunung Tangkuban Perahu mempunyai ketinggian setinggi 2.084 meter. Bentuk gunung ini adalah Stratovulcano dengan pusat erupsi yang berpindah dari timur ke barat. Jenis batuan yang dikeluarkan melalui letusan kebanyakan adalah lava dan sulfur, mineral yang dikeluarkan adalah sulfur belerang, mineral yang dikeluarkan saat gunung tidak aktif adalah uap belerang. Daerah Gunung Tangkuban Perahu dikelola oleh Perum Perhutanan. Suhu rata-rata hariannya adalah 17 oC pada siang hari dan 2 °C pada malam hari. Gunung Tangkuban Perahu mempunyai kawasan hutan Dipterokarp Bukit, hutan Dipterokarp Atas, hutan Montane, dan Hutan Ericaceous atau hutan gunung.', 1),
(14, 1, 3, 'Dago Dream Park', 'Swasta', '25000', '-6.848642295043309', '107.6259282680923', 'img/Wisata/Lembang/Dago-Dreampark.jpg', 'Seiring dengan perkembangan waktu, berawal dari Rumah Sosis di Jalan Setiabudi No.294 pada Bulan Agustus 2007, Dago Dreampark mempunyai sejarah yang cukup panjang dan berpengalaman dalam mengelola tempat wisata.\r\nDengan berkembangnya waktu dan untuk memenuhi permintaan pasar pariwisata di Kota Bandung, maka pada Bulan Juli 2016 dibuka Dago Dreampark didaerah lembang, yang merupakan wisata alam pegunungan dengan nuansa pohon pinus yang indah, asri dan sejuk.\r\nDago Dreampark dengan luas lahan ± 13 Hektar merupakan tempat wisata alam yang menghadirkan suasana alam pegunungan dengan berbagai wahana-wahana spot foto yang Instagramable antara lain, Karpet Alladin, Sky Tree, Sky Bike, Up House, Love Seat, Flying Louge, ada juga wisata lain seperti Flying Fox, Kora-Kora, ATV dll.\r\nSejak dibuka pada tahun 2016, Dago Dreampark terus mengalami perkembangan pesat dan terus menyerap pasar pariwisata di Kota Bandung, dan menjadi salah satu destinasi wisata favorit bagi wisatawan Nasional dan Mancanegara. Selain menyajikan pemandangan alam dengan hutan pinusnya yang indah, nyaman dan asri, Dago Dreampark juga mempunyai wahana-wahana bermain, spot foto serta menampilkan bangunan-bangunan bernuansa Jawa dan Bali.\r\nSelain menyajikan wisata alam dan permainan, pengunjung juga dapat menikmati aneka hidangan yang ada di Dago Dreampark dengan harga terjangkau.', 1),
(15, 1, 3, 'Bird and Bromelia Pavilion', 'Swasta', '50000', '-6.840906147503212', '107.63766369692775', 'img/Wisata/Lembang/Bird-Bromelia.jpg', 'Bird And Bromelia Pavilion, atau sering disebut juga dengan Taman Burung, adalah objek wisata yang terletak di kawasan wisata Lembang, Bandung. Keberadaan Bird And Bromelia Pavilion semakin menambah ragam wisata Bandung yang sangat layak dikunjungi bersama keluarga di akhir pekan. Bird And Bromelia Pavilion, atau Taman Burung Bandung sangat cocok bagi anda yang hobi memelihara hewan, khususnya burung. Karena di Taman Burung Bandung terdapat banyak sekali spesies burung dengan kekhasannya masing-masing. Lokasi Bird And Bromelia Pavilion terletak di kawasan Pramestha Resort Town. Alamat Bird And Bromelia Pavilion berada di Jl. Akaza Utama, No.9. Desa Mekar wangi, Kecamatan Lembang, Kabupaten Bandung Barat, Provinsi Jawa Barat.', 1),
(16, 1, 4, 'Imah Noong', 'Swasta', '25000', '-6.832320947700637', '107.61859139692756', 'img/Wisata/Lembang/Imah-Noong.jpg', 'Imah Noong merupakan observatorium Astronomi & Planetarium di Kampung Eduwisata Areng No. 31, RT.02 RW.12, Desa Wangunsari Kecamatan Lembang Kabupaten Bandung Barat.\r\n\r\nImah Noong memiliki keunikan ketika atap Imah tersebut dapat digeser sehingga bagian dalam Imah Noong yang berisi teleskop Bresser bisa digunakan untuk melihat berbagai benda langit.\r\n\r\nSelain kegiatan pengamatan benda langit, observatorium ini juga menawarkan kegiatan lain dengan memanfaatkan kearifan lokal setempat yang melibatkan petani dan peternak dalam kegiatan eduwisata.\r\n\r\nImah Noong memiliki arti dalam Basa Sunda, imah berarti rumah, sedangkan noong berarti mengintip. Secara bahasa Imah Noong berarti rumah tempat “mengintip” berbagai benda langit dengan fasilitas teleskop yang tersedia.\r\n\r\nBerbekal pengalaman memandu masyarakat di Observatorium Bosscha sejak 1998, Hendro Setyanto, lulusan Magister Astronomi ITB, mendirikan sebuah observatory di halaman rumahnya dan diberi nama Imah Noong pada 2012.\r\n\r\nPembangunan area observatorium ini dilakukan secara bertahap mulai tahun 2012 hingga tahun 2014 di pekarangan rumah milik Hendro. Kemudian pembangunan dilanjutkan dengan menambahkan sarana Masjid Planetarium yang berfungsi sebagai planetarium sekaligus tempat ibadah yang dapat menampung hingga 40 orang dan bisa digunakan bagi para wisatawan yang berkunjung ke observatorium ini.\r\n\r\nSeiring dengan semakin banyaknya pengunjung yang berdatangan dengan adanya Imah Noong ini, Hendro berkeinginan membuat konsep untuk menghadirkan Pariwisata berbasis edukasi yang menggabungkan kawasan sekitar observatorium yaitu, pembibitan sayuran, arena panahan, peternakan kelinci dan peternakan sapi perah yang diharapkan dapat membantu pengembangan perekonomian dan pendidikan khususnya untuk Kampung Areng, Desa Wangunsari Lembang.', 1),
(17, 1, 4, 'Rumah Halloween', 'Swasta', '50000', '-6.821031452843648', '107.61056723255575', 'img/Wisata/Lembang/Rumah-Helloween.jpg', 'Ada ragam tema spot selfie di Bandung, dari wisata keindahan taman, wisata alam pegunungan, view perkebunan teh dan danau, hingga yang sengaja dibuat seperti spot selfie rumah terbalik, rumah 3D, hingga konsep berfoto dengan hantu (bohong-bohongan tentunya). Bagi Anda yang ingin uji nyali sekaligus berfoto selfie antimainstream, kini sudah hadir Rumah Halloween di kawasan Lembang. Sesuai dengan namanya Rumah Halloween yang menonjolkan sensasi seram dan menakutkan maka bangunan dan isi di dalamnya juga didesain cukup mengerikan untuk memberikan kesan horor bagi para pengunjung. Namun pengunjung tidak akan dikejutkan dengan kehadiran hantu atau makhluk jadi-jadian di dalam rumah hantu ini karena memang peruntukan museum ini hanya untuk gaya-gayaan selfie dengan tema Halloween mirip dengan upside down world atau museum 3 dimensi.\r\nDi sini selain disediakan banyak sekali spot foto tematik dan unik, juga menyediakan \"Guest Assistant\" untuk membantu melayani anda pada saat hendak berfoto, juga menyediakan berbagai kostum, wig, dan topeng untuk dipakai secara bebas, tanpa dipungut biaya apapun.', 1),
(18, 1, 4, 'Kebun Begonia Glory', 'Swasta', '20000', '-6.826026947845237', '107.63835639692753', 'img/Wisata/Lembang/Kebun-Begonia.jpg', 'Bagi anda yang belum tahu, Begonia adalah sebuah tanaman yang bisa tumbuh di sepanjang musim, alias tidak terlalu dipengaruhi oleh faktor cuaca. Bunga Begonia sering kita jumpai di taman, atau halaman depan sebuah hotel, atau taman kota. Dan asal-usul bunga Begonia berasal dari Bali. Jadi, sejarah penamaan Taman Begonia Lembang merujuk kepada sebuah bunga yang berasal dari Bali, yang bernama Bunga Begonia. Daya tarik yang pertama dari Taman Begonia Lembang, tentu saja sajian konsep taman bunga yang akan memanjakan mata para pengunjung. Setidaknya terdapat sekitar 50 jenis aneka bunga yang ada di Taman Begonia. Setiap bunga dikelompokkan, sehingga membentuk sebuah taman bunga yang berwarna – warni, serta tertata dengan baik.\r\n\r\nTaman Begonia sangat luas, serta memiliki latar alam khas derah Lembang, dengan cuaca yang sangat sejuk, sekalipun dekat dengan Kota Bandung.\r\n\r\nLokasi Taman Begonia terletak di Lembang menjadi sebuah daya tarik tersendiri. Karena para pengunjung sangat dekat dengan objek wisata lainnya yang ada di Lembang.\r\nTaman Begonia bukan hanya tentang keindahan taman bunga saja. Tetapi kebutuhan akan dunia wisata kekinian pun disajikan dengan baik di area tersebut.\r\n\r\nBanyaknya spot selfie yang instagramable di Taman Begonia kian memberikan kesempurnaan view. Maka tidak mengherankan jika terdapat biaya tambahan bagi mereka yang membawa kamera.\r\n\r\nSelain itu, spot selfie yang ada bukan hanya di area taman saja. Di setiap sudut resto, atau cafe Taman Begonia dipenuhi dengan patung – patung yang artistik.\r\n\r\nOh iya, sebagai tambahan bahwa kawasan Taman Begonia Lembang sering juga dijadikan sebagai spot untuk kegiatan prewedding.', 1),
(19, 1, 4, 'Rumah Bunga Rizal', 'Swasta', '15000', '-6.82602334227358', '107.63757799692756', 'img/Wisata/Lembang/Rumah-Bunga-Rizal.jpg', 'Rumah Bunga Rizal adalah sebuah kebun produksi yang berlokasi di daerah Lembang, Jawa Barat. Kami berdiri sejak tahun 1978, bermula dari hobi yang akhirnya mengantarkan kami untuk membudidayakan berbagai macam jenis anggrek, kaktus, serta tanaman hias lain. Seiring dengan berlalunya waktu kami mulai memproduksi pula sejumlah produk kreatif penunjang hobi dan berkebun. Misalnya saja, cover pot, kawat penyangga tanaman, kawat gantung, dan lain-lain. Semuanya itu buatan tangan, dengan mutu yang kami jaga betul demi kepuasan konsumen.\r\n\r\n\r\nPada tahun 2002, kami memutuskan untuk mengubah konsep kebun produksi menjadi kebun wisata. Kami berbenah. Berusaha memberi pelayanan lebih baik dengan menawarkan suasana kebun yang nyaman dan bersih, ditambah juga dengan menyediakan aneka makanan, minuman, dan es krim yang dapat dipesan oleh pengunjung. Sensasi yang kami tawarkan adalah suasana rumah yang enak untuk dinikmati bersama keluarga atau teman dekat. Tempat kami terbuka bagi siapa saja yang ingin berkunjung, kami mulai buka dari jam 7 pagi hingga jam 4 sore setiap harinya, termasuk juga pada saat hari libur.', 1),
(20, 1, 4, 'Wisata Pasir ipis', 'Pokdarwis', '17500', '-6.789111872946012', '107.61720383824098', 'img/Wisata/Lembang/jayagiri.jpg', 'Walaupun namanya pasir ipis, disini anda tidak akan menjumpai pasir putih seperti di pantai. Pasir ipis merupakan wisata yang menyuguhkan keindahan alam terbuka. Yang tentunya dibalut dengan spot foto yang keren.\r\n\r\nWisata Pasir Ipis sendiri mulanya terbentuk dari Karang Taruna dan Salah Satu organisasi Perhimpunan Pemuda Lembang (PEDANG), memotivasi anak-anak karang taruna untuk mengadakan kegiatan.Awalnya tempat ini khusus untuk Camping Ground, namun pengunjungnya sedikit, jadi para karang taruna membuat tempat-tempat untuk swafoto yang instagramable.\r\n\r\nDisini ada berbagai macam tempat yang sangat cocok untuk difoto seperti halnya terdapat tempat yang berbentuk Love dengan dilengkapi pemandangan yang menghadap ke ribuan pepohonan yang hijau.Selain itu anda bisa menaiki tempat foto yang ada di atas pohon. Berfoto disini seperti berfoto di Kalibiru, Yogyakarta.\r\nWaktu operasional tempat wisata di jayagiri lembang bandung ini adalah setiap hari, mulai start dari pukul 07.00 – 18.00 WIB.', 1),
(21, 1, 5, 'Desa wisata Suntenjaya', 'Masyarakat', '5000', '-6.815252422886143', '107.71120786041791', 'img/Wisata/Lembang/suntenjaya.jpg', 'Desa Suntenjaya dikenal sebagai desa wisata, banyak warga yang berprofesi sebagai peternak (susu) sapi. Selain itu, beberapa diantaranya adalah petani sayuran. Banyak juga masyarakat yang berusaha di bidang peternak cacing.\r\nDi salah satu kampung, yaitu Kampung Batu Loceng terdapat situs batu loceng. Banyak masyarakat berbagai daerah berziarah ke situs tersebut. Selain itu, desa tersebut menjadi salah satu lokasi pertukaran pelajar dari mancanegara melakukan kegiatan sosial.\r\n\r\nDi kiri dan kanan desa, terdapat perbukitan dan gunung. Yaitu Gunung Palasari, Gunung Manglayang, dan Bukit Tunggul. Melalui jalur Bukit Tunggul dari Desa Suntenjaya Anda bisa menuju ke Ujung Berung, Kota Bandung.\r\n\r\nSalah seorang warga Batu Loceng, Ohan (54), mengungkapkan jika di Desa Suntenjaya khususnya di Kampung Batu Loceng mayoritas masyarakat adalah peternak sapi perah.  \"80 persen peternak sapi perah dan kopi. Hasil susu dari sapi perah dikirim ke KPSBU,\" ujarnya. Katanya, di kampung tersebut dan sekitarnya terdapat 100 ekor sapi perah.\r\n\r\nKuncen situs Batu Loceng, Maman, mengatakan banyak masyarakat dari berbagai daerah di Indonesia dan mancanegara yang ziarah ke situs Batu Loceng. Bahkan, diantaranya dari Bali dan Belanda datang untuk berziarah.', 1),
(22, 1, 5, 'Observatorium Bosscha', 'Dept. Astronomi ITB', '20000', '-6.824695011957166', '107.61709986809207', 'img/Wisata/Lembang/Boscha.jpg', 'Observatorium Bosscha (dahulu bernama Bosscha Sterrenwacht) dibangun oleh Nederlandsch-Indische Sterrenkundige Vereniging (NISV) atau Perhimpunan Astronomi Hindia Belanda.\r\n\r\nPada rapat pertama NISV, diputuskan akan dibangun sebuah observatorium di Indonesia demi memajukan Ilmu Astronomi di Hindia Belanda. Dalam rapat itulah, Karel Albert Rudolf (K.A.R.) Bosscha, seorang tuan tanah di perkebunan teh Malabar, bersedia menjadi penyandang dana utama dan berjanji akan memberikan bantuan pembelian teropong bintang. Sebagai penghargaan atas jasa K.A.R. Bosscha dalam pembangunan observatorium ini, maka nama Bosscha diabadikan sebagai nama observatorium ini.\r\n\r\nPembangunan observatorium ini sendiri menghabiskan waktu kurang lebih 5 tahun sejak tahun 1923 sampai dengan tahun 1928. Publikasi internasional pertama Observatorium Bosscha dilakukan pada tahun 1933. Namun kemudian observasi terpaksa dihentikan dikarenakan sedang berkecamuknya Perang Dunia II. Setelah perang usai, dilakukan renovasi besar-besaran pada observatorium ini karena kerusakan akibat perang hingga akhirnya observatorium dapat beroperasi dengan normal kembali. Kemudian pada tanggal 17 Oktober 1951, NISV menyerahkan observatorium ini kepada pemerintah RI. Setelah Institut Teknologi Bandung (ITB) berdiri pada tahun 1959, Observatorium Bosscha kemudian menjadi bagian dari ITB. Dan sejak saat itu, Bosscha difungsikan sebagai lembaga penelitian dan pendidikan formal Astronomi di Indonesia.\r\n\r\nSelain mengemban tugasnya dalam penelitian dan pendidikan, Observatorium Bosscha melaksanakan kegiatan pengabdian masyarakat, baik dalam bentuk kegiatan rutin maupun kegiatan yang sifatnya insidental bergantung pada terjadinya fenomena astronomi yang menarik. Observatorium Bosscha pun membuka peluang kolaborasi dan belajar bagi mahasiswa maupun peneliti dari berbagai tempat di seluruh dunia. Peneliti dan mahasiswa dari berbagai tempat telah datang untuk melakukan pengamatan astronomi, melakukan analisis data astrofisika, belajar instrumentasi, dan lain sebagainya. Observatorium Bosscha juga menerima mahasiswa maupun peneliti yang ingin belajar topik-topik non–astronomi yang relevan, misalnya tentang sejarah, bangunan, manajemen, serta lingkungan di Observatorium Bosscha.\r\n\r\nTahun 2004, Observatorium Bosscha dinyatakan sebagai Benda Cagar Budaya oleh Pemerintah. Oleh karena itu, keberadaan Observatorium Bosscha dilindungi UU Nomor 2 / 1992 tentang Benda Cagar Budaya. Selanjutnya, tahun 2008, Pemerintah menetapkan Observatorium Bosscha sebagai salah satu Objek Vital Nasional yang harus diamankan.', 1),
(23, 1, 5, 'Pine Forest Camp', 'Swasta', '25000', '-6.815434942045648', '107.69402222576288', 'img/Wisata/Lembang/Pine-Forest.jpg', 'Pine Forest Camp mulai dibuka sejak tahun 2003. Ide mendirikan bumi perkemahan ini bermula dari alumni pramuka SMA 5 yang melihat tempat ini punya potensi wisata yang menjanjikan.\r\n\r\nPine Forest Camp sendiri berada di ketinggian 1.200 meter di atas permukaan laut. Lokasi Pine Forest Camp termasuk dalam dataran tinggi sehingga membuat kawasan ini memiliki suhu udara yang sejuk.\r\n\r\nNggak hanya itu, suasana sekitarnya juga tampak sejuk dengan rimbunnya pohon pinus. Rumput hijau juga tampak menghiasi area perkemahan. Nyaman dan menenangkan kira-kira itulah gambaran yang bakal kamu terima ketika berkunjung ke Pine Forest Camp.\r\n\r\nDengan nuansa alamnya yang masih asri, Pine Forest Camp bisa menjadi lokasi terbaik untuk dikunjungi saat akhir pekan sambil melepas penat dan rasa bosan dari rutinitas harian.\r\n\r\nMengusung konsep camping exclusive, Pine Forest Camp menyediakan area yang luas lengkap dengan tenda dan peralatan menginap seperti sleeping bag, bantal, kasur.', 1),
(24, 1, 5, 'Gunung putri', 'Masyarakat', '5000', '-6.794979437269264', '107.63581753856624', 'img/Wisata/Lembang/Gunung-Putri.jpg', 'Gunung Putri Lembang adalah salah satu pegunungan yang terletak di kecamatan Lembang, Kabupaten Bandung Barat. Gunung ini berlokasi di perbatasan Desa Jayagiri dan Desa Cikole yang lokasinya tidak jauh dari Gunung Tangkuban Parahu. Gunung Putri Lembang merupakan salah satu tempat wisata di Lembang yang berupa sebuah bukit yang arealnya banyak ditumbuhi dengan rumput dan pohon kecil lainnya yang ditengahnya terdapat sebuah Tugu bernama Tugu Sespim.\r\n\r\nKawasan hutan Gunung Putri Lembang dibina langsung oleh Perum Kesatuan Pemangkunan Hutan (KPH) Bandung Utara sejak 28 juni 2016. Keberadaan Gunung Putri dalam sasakala legenda Sangkuriang diyakini adalah sebagai tempat pelarian sekaligus persembunyian Dayang Sumbing ketika dikejar-kejar oleh sang anak, sangkuriang, karena ketidakinginannya untuk dinikahi oleh anak sendiri dan lokasinya yang dekat dengan Gunung Tangkuban Parahu. Selain Gunung Tangkuban Parahu ada pula gunung tang terkait dengan legenda Sangkuriang lainnya yakni Gunung Burangrang yang konon terbentuk dari rangrang (ranting) pohon bekas perahu dan Gunung Bukit Tunggul yang menurut cerita bekas tunggul pohon untuk membuat perahy oleh Sangkuriang.', 1),
(25, 1, 5, 'Gunung Batu', 'Masyarakat', '10000', '-6.830491800429437', '107.63518032576305', 'img/Wisata/Lembang/Gunung-Batu.jpg', 'Sesuai dengan namanya, Gunung Batu merupakan bukit berupa dinding alam yang terdiri dari batu-batu raksasa. Lokasinya berada di Desa Pasirwangi, Kecamatan Lembang, Kabupaten Bandung Barat.Bagian puncak dari gunung ini memiliki pemandangan alam yang indah. Cocok bagi penyuka ketinggian. Sementara, akses jalan bagi pengunjung tidak terlalu sulit sehingga cukup mudah didaki.\r\n\r\nDi lokasi ini pun pengunjung bisa menyaksikan seluruh kota Bandung yang dikelilingi pegunungan, seperti Gunung Burangrang, Tangkuban Parahu, Putri, Bukittunggul, Palasari hingga Manglayang.\r\nGunung Batu merupakan bagian dari proses sejarah bumi Bandung yang dapat dijadikan tempat pembelajaran. Hal itu mengingat kawasan Gunung Batu termasuk sesar Lembang.\r\n\r\nSesar atau patahan tersebut erat kaitannya dengan asal-usul terbentuknya cekungan Bandung yang kini sudah padat penduduk.\r\n\r\nPemandu Malia Nur Alifa menuturkan, Gunung Batu diperkirakan terbentuk dari aliran larva akibat letusan Gunung Sunda Purba sekitar 500 ribu tahun yang lalu.', 1),
(26, 1, 6, 'Curug Omas', 'Perum Perhutani', '15000', '-6.8344438846618765', '107.65716359692763', 'img/Wisata/Lembang/Curug-Omas.jpg', 'Curug Omas berada di dalam Taman Hutan Raya (Tahura) Ir. H. Juanda di lokasi wisata Maribaya. Curug ini memiliki ketinggian terjunan air sekitar 30 meter dengan kedalaman 10 m yang berada di arus sungai Cikawari. Di atas air terjun ini terdapat jembatan yang bisa dipakai untuk melintas dan melihat air terjun dari posisi atas. Dari atas jembatan ini akan terlihat bentangan landasan sungai yang merupakan pertemuan dua arus sungai Cikawari dan Cigulun yang nantinya menjadi kawasan Arus Sungai (DAS) Cikapundung Hulu. Arus ini mengalir dan berbelok membelah kawasan Tahura tersebut. Selain Curug Omas di arus sungai ini terdapat pula Curug Cigulung, Curug Cikoleang, Curug Dago dan Curug Cikawari yang masing-masing berketinggian sekitar 15 m, 16 m dan 14 m. Ketiga curug ini dikenali dengan sebutan Curug Maribaya.', 1),
(27, 1, 6, 'Taman lembah dewata', 'Swasta', '20000', '-6.81009940135083', '107.64306529692739', 'img/Wisata/Lembang/Taman-Lembah-Dewata.jpg', 'Taman Lembah Dewata adalah salah satu objek wisata di Lembang berupa taman di kawasan lembah. Di taman ini terdapat danau tadah hujan yang luas serta pemandangan area perbukitan yang indah. Selaras dengan namanya, taman ini bagaikan lembah para dewa yang indah dan menyejukkan mata maupun pikiran.\r\n\r\nSaat dibuka pada akhir tahun 2016, Taman rekreasi ini sudah menawarkan keasrian lingkungan alam sebagai daya tariknya.\r\n\r\nKawasan wisata ini kemudian terus mengalami pengembangan hingga menjadi destinasi wisata menarik seperti saat ini. Selain rekreasi danau dan berkuda, di sini juga memiliki banyak sudut foto menarik dan venue yang cantik.\r\nDi tengah taman, terdapat danau yang terhampar luas. Danau ini merupakan danau yang menampung air hujan. Pemandangan danau semakin ciamik dengan keberadaan pulau-pulau kecil yang dihubungkan dengan jembatan cantik.\r\n\r\nPengunjung dapat menikmati keindahan danau dari dekat dengan berkeliling menaiki sepeda air. Pilihan lainnya, cukup duduk dan bersantai di dermaga atau kafe yang ada di pinggiran danau. Nikmati beragam menu yang tersedia di kafe, mulai dari jenis tradisional hingga modern.', 1),
(28, 1, 6, 'Curug Keraton Bellarosa', 'Masyarakat', '5000', '-6.813187348139867', '107.7136474257629', 'img/Wisata/Lembang/Curug-Bellasora.jpg', 'Curug bellarosa sebelumnya mempunyai nama curug keraton Cibodas. Curug ini dikenal sebagai salah satu destinasi wisata alam yang membutuhkan perjuangan cukup berat untuk melihatnya.\r\n\r\nUntuk dapat mengetahui letak dan pesona secara langsung dari curug keraton harus melakukan tracking terlebih dahulu. Jalur tracking yang harus dilalui tidak tergolong mudah dan butuh waktu sekitar ±30 menit dari tempat parkir.\r\n\r\nSuasana tracking cukup menguras tenaga karena jalurnya berupa jalanan menanjak. Kondisi jalan setapak masih sangat natural dan apa adanya. Hampir di sepanjang tepi jalan dipenuhi dengan jajaran pinus yang membuat suasana menjadi asri dan sejuk.\r\n\r\nTetapi meskipun hanya berupa tanah, namun kondisinya cukup tandus. Sehingga meskipun hujan, tanah tidak mudah becek. Selain itu kondisi tanah juga telah rata dan cukup mulus. Hal ini membuat suasana tracking terasa cukup aman walaupun tidak dilengkapi dengan pengaman.\r\n\r\nJalur tracking juga tidak begitu berbahaya. Dalam perjalanan pun hanya akan melewati area hutan, bukan tebing tinggi. Karena hal ini banyak orang yang tidak segan untuk mengunjungi curug keraton Cibodas ini.\r\n\r\nUntuk mengenal curug keraton lebih jauh, ternyata curug ini mempunyai lebih dari 2 nama. Nama lain curug keraton meliputi bellarosa, keraton, curug luhur dan curug Ratu Suntenjaya.\r\nCurug keraton dibuka setiap hari. Baik weekday ataupun weekend, curug keraton dibuka mulai pukul 07.00 WIB – 17.00 WIB.', 1),
(29, 1, 6, 'Eurad High Land (puncak eurad)', 'Swasta', '10000', '-6.790504205882399', '107.6800975207759', 'img/Wisata/Lembang/Puncak-Eurad.jpg', 'Puncak Eurad adalah adalah tujuan liburan baru di Lembang, Jawa Barat. Wisata ini menjelaskan mengapa jumlah pengunjung tidak sebanyak objek wisata alam lainnya yang terletak di wilayah ini.\r\n\r\nHal ini dikarenakan Puncak Eurad menjadi alternatif yang bagus ketika datang untuk tamasya karena harganya yang murah dan wisatanya yang asyik.\r\n\r\nPlus, situs wisata ini jauh dari kota-kota besar sehingga sangat cocok dikunjungi untuk Anda yang ingin refreshing dari rutinitas harian dan menghilangkan kelelahan rutinitas harian.\r\n\r\nLokasi Puncak Eurad masih berada di kawasan Lembang. Adapun tempat wisata terdekat Puncak Eurad sendiri adalah Air Terjun Maribaya, Tebing Keraton, Bukit Moko dan Kandang Cokelat.\r\n\r\nJadi bisa dikatakan Puncak Eurad ini dekat dengan beberapa tempat wisata popular. Alamat Puncak Eurad sendiri adalah Jalan Cibodas-Ciater, Wangunharja, kecamatan Lembang, Kabupaten Bandung Barat.', 1),
(30, 1, 6, 'The Great Asia Africa', 'Swasta', '50000', '-6.832734168792206', '107.60406904110478', 'img/Wisata/Lembang/The-Great-Asia-Africa.jpg', 'The Great Asia Africa adalah objek wisata yang menyajikan pesona keindahan arsitektur, dan budaya yang ada di kawasan Asia dan Africa dalam satu kawasan.\r\n\r\nKehadiran The Great Asia Africa mampu menutupi dahaga wisata setiap orang yang ingin berkeliling dunia. Tidak perlu jauh-jauh, tidak perlu biaya banyak, cukup datang ke The Great Asia Africa Lembang, Bandung Barat.\r\nKonsep utama dari The Great Asia Africa Lembang, Bandung adalah objek wisata alam terbuka yang berpadu dengan konsep wisata kekinian.Perpaduan wisata alam, dengan wisata kekinian bisa terlihat dari adanya lift di kawasan alam terbuka. Ditambah spot-spot yang sangat instagramable.\r\n\r\nThe Great Asia Africa merupakan taman indah yang sangat luas, sangat cocok untuk kebutuhan konten media sosial. Wajar saja, jika The Great Asia Africa menjadi wisata Lembang yang sangat populer.\r\nDaya tarik yang selanjutnya dari objek wisata The Great Asia Africa Lembang, Bandung adalah lokasi wisata yang sangat cocok untuk semua kalangan, juga destinasi wisata keluarga yang sangat recommended banget.\r\n\r\nRagam wahana yang tersaji di objek wisata The Great Asia Africa sangat banyak, menyentuh semua kalangan, dari mulai anak-anak, sampai orang dewasa.\r\n\r\nKonsep budaya, dan arsitektur dari kawasan Asia, dan Africa dapat disaksikan di objek wisata tersebut melalui replika yang sangat mirip sekali dengan aslinya.\r\n\r\nThe Great Asia Africa tidak lupa mengangkat keindahan arsitektur, dan budaya negeri sendiri, yaitu Indonesia.\r\n\r\nSehingga, harga tiket masuk The Great Asia Africa, seakan membayar tiket perjalanan keliling dunia, khususnya kawasan Asia, Africa, dan Timur Tengah.', 1),
(31, 1, 7, 'D\'Dieu Land', 'Swasta', '50000', '-6.841946814504207', '107.62342485275046', 'img/Wisata/Lembang/Didieu-Land.jpg', 'D’Dieuland Punclut ini patut untuk kamu jadikan sebagai destinasi liburan. Tempat ini juga menyediakan aneka spot foto yang kekinian banget. Pas banget sebagai tempat untuk berswaselfie bagi kamu yang gemar berburu foto selfie. Pada saat liburan, tempat ini banyak didatangi para pengunjung, baik yang memang hobi nongkrong maupun pengunjung yang berburu spot foto keren. D’Dieuland ini tidak hanya cocok dikunjungi oleh orang dewasa saja, buat anak-anak juga cocok kok. Sebab, tersedia juga playground untuk anak-anak. Jadi, bila kamu mengunjungi tempat ini, kamu bisa mengajak anak untuk bersenang-senang bersama di sana sob. Meski wisata ini terbilang baru, tetapi pengunjung yang datang cukup banyak sob. Banyak yang penasaran dengan hadirnya cafe baru dengan konsep kekinian ini. Sudah banyak kok foto-fotonya yang beredar di sosial media, sehingga menjadikannya tidak hanya dikenal oleh warga Bandung saja, tetapi juga bagi warga dari luar Kota Bandung. D’Dieuland ini dibangun di lahan seluas 5.500 meter persegi. Di sana juga tersedia beragam wahana permainan menarik, diantaranya seperti Gyroscope, Permainan Air, Mini Outbond, Playground, dan lain sebagainya. Secara geografis letak tempat ini sangat strategis sebagai tempat liburan. Oleh karena itulah tempat ini digadang-gadang akan sangat populer nantinya, seperti halnya Lereng Anteng.', 1),
(32, 1, 7, 'Dago Bakery Punclut Lembang', 'Swasta', '15000', '-6.842140695047921', '107.62294609692773', 'img/Wisata/Lembang/Dago-Bakery.jpg', 'Dago Bakery Punclut merupakan sebuah restoran yang saat ini sedang hits di Bandung. Restoran ini menyajikan menu makanan lezat khas Bandung. Restoran ini berada di kawasan dataran tinggi di Bandung, sehingga memiliki suasana yang nyaman dan pas banget untuk wisata kuliner bagi warga Bandung dan sekitarnya.\r\n\r\nDago Bakery Punclut tidak sekedar sebagai wisata kuliner, tetapi juga sebagai tempat wisata yang asyik untuk menghabiskan masa liburan. Sebab tempat bernuansa Eropa, baik dari segi desain Arsitektur bangunan maupun dari segi kulinernya ini juga menawarkan pesona keindahan alam khas dataran tinggi. Jadi, di sana pengunjung bisa menikmati panorama perbukitan yang indah dari ketinggian.\r\n\r\nGaya Arsitektur bangunan Dago Bakery ini terlihat sangat keren khas seperti bangunan ala Eropa. Sehingga pengunjung yang datang di sana pasti tak ketinggalan untuk melakukan aktifitas swafoto. Bangunan bergaya Eropa tersebut menjadi background foto selfie yang cakep banget sob. Selain itu, pemandangan alam yang hijau di sekitarnya juga bisa menjadi latar belakang yang epic untuk berselfie. Oleh karena itu, Dago Bakery Punclut ini tidak hanya diminati para pecinta kuliner saja, melainkan juga menjadi buruan bagi para penggiat foto selfie. Sebenarnya Dago Bakery di kawasan Punclut ini merupakan restoran cabang dari gerai di Jalan Dago (Jln. Ir. H. Djuanda). Meskipun terdapat kata ‘Bakery’ di namanya, restoran ini tidak hanya menyediakan roti saja. Di sana tersedia aneka makanan ringgan maupun berat, dilengkapi juga aneka minuman. Buat kamu yang ingin mengunjungi tempat keren ini, maka alamat yang harus kamu tuju adalah Jln. Pagermaneuh No. 57, Pagerwangi, Lembang, Kabupaten Bandung Barat, Jawa Barat. Jam buka mulai pukul 09.00 sampai pukul 22.00 WIB.', 1),
(33, 1, 7, 'Lembang wonderland', 'Swasta', '35000', '-6.8173192010249535', '107.6121454969275', 'img/Wisata/Lembang/Lembang-Wonderland.jpg', 'Lembang Wonderland merupakan kawasan yang mirip dengan negeri dongeng. Berwarna – warni, yang di dunia nyata seolah mustahil, akan terwujud di sini. Seperti es krim raksasa, negeri salju, hingga jembatan dari permen. Meskipun tidak dapat dimakan, namun dapat menjadi spot foto indah yang instagramable. Suasana negeri dongeng akan langsung terasa ketika menginjakkan kaki pertama kali di Lembang Wonderland. Berbagai wahana dan spot foto memenuhi seisi area, berwarna – warni dan tampak indah.\r\n\r\nHal yang biasanya kecil, di negeri dongeng ini dibuat sangat besar. Seperti es krim – es krim raksasa ini, yang menggoda siapapun untuk berfoto di dekatnya.\r\n\r\nWahana rumah pohon turut menjadi penghias Lembang Wonderland. Terbuat dari kayu, dengan tangga yang melingkar di batangnya. Pepohonan pun tampak hijau, yang membuat area semakin terlihat asri. Apalagi di lantainya, digunakan rerumputan hijau yang otomatis membuatnya semakin segar.\r\nTidak hanya dapat dinikmati di siang hari, pengunjung juga dapat berwisata di malam hari. Kala malam, berbagai wahana berselimut cahaya dari lampu warna – warni yang indah. Melingkupi setiap permukaan sehingga indah digunakan sebagai latar belakang foto. Ada juga spot foto bintang dengan lampu di pinggirannya, yang tampak simple namun menarik.', 1),
(34, 1, 7, 'Lembang Park and zoo', 'Swasta', '50000', '-6.805936701538581', '107.59197259692736', 'img/Wisata/Lembang/Park-Zoo.jpg', 'Sesuai namanya, Lembang Park and Zoo mengombinasikan taman wisata yang luas dengan kebun binatang. Jadi pengunjung tidak hanya bisa bertemu dengan binatang saja, tetapi beraktivitas santai dengan berbagai fasilitas yang tersedia di Lembang Park and Zoo, dari naik kano di danau buatan, naik kuda, hingga berkeliling area Lembang Park and Zoo yang luas dengan scooter.\r\nSerunya, di Lembang Park and Zoo juga tersedia banyak restoran dan kafe yang istimewa, karena sambil makan kamu bisa melihat berbagai satwa di balik dinding kaca. Selain itu, Lembang Park and Zoo juga punya tempat-tempat bermain untuk anak-anak, dari Playground outdoor, Kereta Mini, Storyland yang punya banyak wahana seru, hingga sekolah riding untuk anak.\r\nTentu kamu juga bisa melihat berbagai satwa secara langsung, misalnya burung merak, beruang madu, binturong, meerkat, tenggalung, hingga lutung budeng. Bagi pecinta burung, Lembang Park and Zoo juga cukup istimewa karena punya Bird Aviary, sebuah area semi indoor di mana puluhan burung hidup dan menyapa pengunjung. Harga tiket masuk Lembang Park and Zoo sendiri cukup murah karena hanya Rp 40.000 untuk Senin-Jumat dan Rp 50.000 untuk weekend, tanggal merah, atau cuti bersama. Anak-anak di bawah usia 3 tahun juga bisa masuk gratis!\r\nTapi perlu dicatat kalau ada fasilitas-fasilitas di Lembang Park and Zoo yang punya tiket terpisah dan tidak termasuk biaya tiket masuk yah. Termasuk tiket naik scooter dan tiket masuk Bird Aviary yang harus dibeli terpisah. ', 1),
(35, 3, 7, 'Bukit Senyum', 'Pokdarwis', '5000', '-6.761638803529674', '107.51827549692693', 'img/Wisata/Cikalong/Bukit-Senyum.jpg', 'Bukit Senyum, berada di ketinggian 1.300 Mdpl dengan luas lahan 5 Ha. Bukit ini awalnya hanya sebuah bukit dengan pohon – pohon pinus yang tidak terurus sama sekali. Berkat keinginan masyarakat yang dibantu oleh pihak perhutani, maka ditata lah bukit ini menjadi salah satu wana wisata di kaki gunung Burangrang. Karena terhitung masih baru dan masih dalam tahap pengembangan, fasilitas di Bukit Senyum ini masih terbilang minim. Namun untuk fasilitas umum seperti toilet dan jalan menuju Bukit Senyum sudah bisa anda nikmati. Selain itu, sudah dibangun pula beberapa gazebo di sekitar hutan pinus, sehingga anda dapat leluasa beristirahat atau santap siang di lingkungan Bukit Senyum. Adapun sebuah spot selfie yang bisa anda gunakan untuk berswafoto. Spot tersebut berupa beranda yang terbuat dan dipagari oleh kayu – kayu. Jika anda main ke Bukit Senyum, sudah pasti anda akan benar – benar tersenyum melihat pemandangan yang disuguhkan dari spot selfie ini. ', 1);
INSERT INTO `wisata_perkecamatan` (`id`, `id_kecamatan`, `hotel_id`, `nama`, `status`, `biaya`, `latitude`, `longitude`, `foto`, `detail`, `flag_active`) VALUES
(36, 3, 8, 'Sindang Geulis Kahuripan', 'Pokdarwis', '10000', '-6.749494831675912', '107.47871164110404', 'img/Wisata/Cikalong/Sendang-Geulis-Kahuripan.jpg', 'Sendang Geulis Kahuripan merupakan salah satu mata air yang ada di Kabupaten Bandung Barat.\r\n\r\nSelain berfungsi sebagai sumber air, tempat ini juga kerap dijadikan tempat berwisata.\r\n\r\nHal ini dikarenakan tempat ini memiliki pemandangan yang sangat indah. Sumber mata air ini juga biasa digunakan oleh masyarakat sekitar untuk mencuci pakaian.\r\n\r\nNamun, Anda tak perlu merasa jijik karena hampir setiap menit, sumber mata air ini mengalirkan air-air bersih.\r\n\r\nJadi, Anda tak perlu takut untuk berenang atau berendam di sini. Karena air yang tersedia dijamin kebersihannya. Sumber mata air yang memiliki nama lain Talaga Cikahuripan ini memiliki arti “Danau di tengah pegunungan yang memberikan kehidupan”.\r\n\r\nNama tersebut rupanya benar-benar menggambarkan kenyataan. Pasalnya mata air ini memang terbukti mampu menjadi sumber kehidupan bagi masyarakat sekitar.\r\n\r\nKonon katanya, ada mitos Sendang Geulis Kahuripan yang sangat populer di masyarakat.\r\n\r\nAir di sini dipercaya memiliki khasiat yang baik untuk kulit. Terlebih bagi kaum wanita yang ingin memiliki kulit yang mulus dan cantik.\r\n\r\nAir di kolam ini juga sangat jernih sehingga memiliki kadar oksigen yang cukup tinggi. Sehingga, airnya bisa langsung diminum meskipun tanpa dimasak. Tempat wisata ini buka setiap hari pada pukul 07:00 WIB hingga 18:00 WIB. Dengan begitu, Anda bisa mengunjunginya sepanjang hari, kapan pun Anda mau.\r\n\r\nNamun, disarankan untuk Anda berkunjung pada siang hari saja.\r\n\r\nHal tersebut dikarenakan udara siang hari yang cukup panas membuat suasana liburan Anda di mata air ini menjadi lebih segar. Meski belum banyak dijamah pengunjung, Sendang Geulis Kahuripan ini sudah memiliki fasilitas yang cukup lengkap.\r\n\r\nDi sana telah tersedia musala, toilet, warung makan, ruang ganti, dan juga tempat parkir.\r\n\r\nBagi Anda yang berencana ingin menghabiskan liburan di sana, Anda juga bisa menyewa penginapan yang berlokasi di sekitar tempat wisata tersebut.', 1),
(37, 4, 8, 'Wana Wisata Curug Sawer', 'Perum (BUMN)', '7500', '-6.95884104516409', '107.46151869692889', 'img/Wisata/Cililin/Curug-Sawer.jpg', 'Curug Sawer disebut sebagai wanawisata, yang artinya terdapat hutan dalam area wisata ini.\r\n\r\nHal ini dikarenakan lokasinya yang berada di dalam hutan milik perhutani.\r\n\r\nTepatnya Curug Sawer berlokasi di Desa Karangtanjung, Kecamatan Cililin, Kabupaten Bandung Barat. Memiliki luas area 8 hektare, wanawisata ini dikelola oleh Perhutani Cililin sejak 1970.\r\n\r\nSelain curug yang menjadi sorotan utamanya, wanawisata Curug Sawer juga dikelilingi hutan pinus yang dijadikan sebagai lokasi jogging dan jalan santai. Curug Sawer tergolong air terjun yang unik. Air terjun pada umumnya memiliki bentuk aliran air yang lurus dari atas ke bawah. Sedangkan wanawisata ini berbentuk tingkat.\r\n\r\nKarena keunikan ini, pengunjung bisa berfoto dengan spot foto tepat di depan curug.\r\n\r\nSeringnya, area penampungan air di bagian bawah curug digunakan berenang oleh warga lokal dan wisatawan.\r\n\r\nBerenang sambil menikmati pemandangan hutan ditemani dengan udara sejuk di ketinggian 1700 Mdpl, membuat Curug Sawer eksotis di mata para wisatawan. Konon, nama “sawer” digunakan karena dulunya ada seorang sesepuh yang menikahkan anaknya di curug ini.\r\n\r\nSawer sendiri artinya ritual melemparkan uang logam, permen, dan beras ke arah tamu undangan setelah akad nikah oleh mempelai, sebagai simbol berbagi rezeki.\r\n\r\nKarenanya, diyakini jika Anda mengajak pasangan ke Curug Sawer, maka hubungan Anda akan awet sampai menikah.\r\n\r\nMistis kedua yang beredar juga mengatakan jika Anda tidak punya pasangan, setelah berkunjung ke wanawisata ini Anda bisa segera bertemu dengan jodoh Anda.\r\n\r\nAda juga cerita mistis lainnya, yang menyebut bahwa jauh sebelum dikenal dengan nama “sawer”, dulunya curug ini dikenal dengan nama “Curug Orok”.\r\n\r\nHal ini dikarenakan ada seorang wanita hamil yang melahirkan di curug sawer kemudian ditolong oleh sosok manusia dengan badan setengah ikan.\r\n\r\nSatu demi satu cerita mistis ini membuat area ini dipercaya sebagai area yang keramat. Bahkan, menurut warga lokal, setiap malam Kliwon, ada yang melakukan ritual ngabumbang, untuk menguji kekuatan tubuh, awet muda, asihan, hingga meningkatkan ilmu kebatinan.', 1),
(38, 4, 8, 'Lembah Curugan Gunung Putri', 'Masyarakat', '10000\r\n', '-6.98945404404889', '107.44654315460006', 'img/Wisata/Cililin/Desa-Mukapayung.jpg', 'Curugan Gunung Putri merupakan salah satu tempat wisata yang berada di desa Muka Payung kecamatan Cililin. Tempat wisata ini memang kurang terkenal oleh banyak kalangan di bandingkan dengan tempat wisata yang berada di Bandung kota. Meskipun begitu tempat wisata ini cukup ramai pengunjungnya.\r\nAkhir pekan lalu saya dan suami berkunjung ke tempat wisata ini. Disana saya menikmati suasana alam yang indah dan air sungai yang mengalir membuat pengunjung makin nyaman.', 1),
(39, 6, 8, 'Gua Pawon', 'Pemda', '10000', '-6.823172642212162', '107.43717622576294', 'img/Wisata/Cipatat/Gua-Pawon.jpg', 'Gua Pawon merupakan gua yang terbentuk di kawasan bertopografi karst yang terletak dalam kawasan perbukitan formasi Rajamandala. Secara geologis, situs tersebut termasuk dalam kelompok gua tebing yang berada pada ketinggian sekitar 716 meter di atas permukaan laut dan terletak di bagian utara bukit gamping. Situs bersejarah ini memiliki nilai historis tinggi yang perlu dilestarikan keberadaannya karena memiliki keterikatan masa lalu sebagai sumber sejarah sekunder yang bisa mengungkap tabir kehidupan masa lalu. Hal ini bisa diketahui dari temuan-temuan yang didapat, baik berupa fosil maupun artefak. \r\n\r\nPenelitian arkeologi di Gua Pawon dilakukan oleh Balai Arkeologi Bandung sudah dimulai sejak tahun 2003. Tujuh temuan rangka manusia telah ditemukan dalam selang waktu 2003-2018. Hasil ekskavasi di situs Gua pawon menunjukkan adanya variasi multifungsi gua dimasa lalu. Hal ini dibuktikan dengan temuan yang didapat berupa alat-alat serpih, alat tulang dan taring.', 1),
(40, 6, 8, 'Sanghyang Poek', 'Pokdarwis', '10000', '-6.868421295029291', '107.347148996928', 'img/Wisata/Cipatat/Sanghyang-Poek.jpg', 'Sebelum menyambangi wisata alam Sanghyang Tikoro dan Sanghyang Heuelut, anda sebelumnya akan menemukan sebuah Goa lainnya yang diberi nama Sanghyang Poek. Lokasinya masih sama dengan dua Sanghyang yang lainnya, yaitu di kawasan PLTA Saguling. Sanghyang Poek merupakan sebuah Goa purbakala yang juga terbentuk secara alami. Sama seperti Sanghyang Tikoro, material dinding goa ini merupakan batu gamping yang telah melalui proses kartsifikasi atau pelarutan secara alami. Disebut Sanghyang Poek karena pada saat memasuki goa purbakala ini anda tidak akan dapat melihat apa – apa tanpa bantuan alat penerangan atau senter karena keadaan di dalam goa ini sangatlah gelap atau dalam bahasa sunda disebut poek. Sama seperti Sanghyang Tikoro, Sanghyang Poek ini juga dialiri oleh aliran sungai Citarum purba dibawahnya. Aliran sungai yang tidak terlalu deras ini hanya dapat anda pijaki saat musim kemarau. Karena pada musim penghujan, aliran sungai di Goa Sanghyang Poek ini akan menjadi cukup berbahaya jika dipaksakan untuk dilalui.\r\n\r\nKetika anda memasuki Goa Sanghyang Poek ini, anda akan merasakan udara yang lembab seperti halnya jika anda memasuki goa – goa pada umumnya. Namun mata anda akan sangat dimanjakan oleh kilauan – kilauan stalaktit yang menggantung di langit Goa dan stalakmit yang mengerucut di dasar Goa. Stalaktit dan stalakmit yang berkilau ini terbentuk secara alami dan jika terkena cahaya dari senter anda akan mengeluarkan kilau bak berlian. Tidak hanya itu, jika anda berkesempatan menyusuri Goa dan berhasil keluar di ujungnya, maka di mulut Goa anda akan menemukan aliran sungai lainnya dan batu – batu putih besar menjulang yang bisa anda jadikan sebagai spot foto yang menawan. Tentunya dengan tetap memperhatikan kebersihan dan jangan merusak keindahan alam yang ada.', 1),
(41, 6, 9, 'Sanghyang tikoro', 'Pokdarwis', '0', '-6.864091595032367', '107.34881986809253', 'img/Wisata/Cipatat/Sanghyang-Tikoro.jpg', 'Sanghyang Tikoro adalah nama sebuah tempat berupa gua dan sungai bawah tanah yang terletak di Kecamatan Cipatat, Rajamandala tak jauh dari bendungan Saguling, sekitar 17 km dari Kota Bandung. Sanghyang Tikoro diyakini sebagai tempat bocornya Danau bandung sehingga membentuk dataran tinggi bandung saat ini. Sanghyang berasal dari Sang dan Hyang. Sang adalah kata sandang yang digunakan oleh orang-orang Sunda dulu untuk menghormati seseorang atau sesuatu. Sementara Hyang adalah sebutan untuk keberadaan spiritual tak kasat mata yang memiliki kekuatan supranatual. Jadi, kata Sanghyang bisa diartikan sebutan untuk menghormati seseorang atau sesuatu yang dianggap suci.\r\n\r\nSementara Tikoro adalah basa sunda yang berarti tenggorokan. Ini mungkin untuk menggambarkan tempat tersebut yang berupa sungai bawah tanah yang mengalir melalu rongga-rongga, seperti tenggorokan. Sejarah Bandung Purba mencatat, sekitar 20 - 30 juta tahun yang lalu wilayah yang terletak antara kecamatan Rajamandala dengan kecamatan Cipatat, Bandung Barat bersebelahan dengan PLTA Saguling sekitar 17 km dari pusat bendungan dan ada di wilayah turbin terakhir ini adalah wilayah perairan Danau bandung dengan terumbu karang yang indah dengan kedalaman sekitar 10 - 20 meter. Fakta sejarah menyebutkan bahwa terbentuknya gua bawah tanah ini membuktikan bagaimana luar biasanya proses erosi dari aliran Citarum yang deras sehingga mampu melubangi batuan kapur yang ada di wilayah ini.\r\n\r\nSeperti diungkap fakta yang menyebutkan bahwa aliran Citarum itu ternyata memiliki 2 cabang. Satu cabang mengarah ke kiri, yang satu lagi ke arah kanan, dimana airnya menghilang ditelan gua batu kapur pasir Sanghyang Tikoro, menjadi terowongan atau sungai bawah tanah. Batuan kapur di Sanghyang Tikoro di sebut batuan gamping, batu kapur, atau batu karang. Batuan kapur memiliki banyak rekahan yang memudahkan air menyelinap mengisi retak-retak setipis selaput buah salak sekalipun. Batu kapur itu sendiri merupakan hasil kegiatan organik, kehidupan laut, seperti hewan, dan tumbuhan laut. Hampir mirip halnya dengan peristiwa sejarah sekitar 23 juta tahun yang lalu, yang mana Pulau Jawa belum seluruhnya muncul di permukaan laut. Binatang koral mengendap di laut dangkal yang jernih antara Togogapu Rajamandala - Pelabuhan Ratu. Batu kapur yang bahan proses terbentuknya adalah terdiri dari kalsium karbonat (CaCO3). Batuan kapur ini dapat larut dalam air yang menghasilkan gas kabon diosida (CO2) yang berasal dari atmosfer, yang umumnya terdapat di semua perairan permukaan. Sungai baeah tanah Sanghyang Tikoro adalah hasil proses pelarutan sehingga dipercaya tempat bobolnya Danau Bandung Purba dan sering disebut Sanghyang Tikoro Rajamandala.\r\n\r\nGua Sanghyang tikoro yang diyakini memiliki panjang kedalaman di bawah tanah hingga lebih dari 800 meter ini juga, telah diyakini oleh seorang ahli geologi berkebangsaan Belanda van Bemmelen sebagai tempat bobolnya Danau Bandung Purba. Menurutnya, ada kesamaan atau hubungan urutan sejarah, antara kejadian munculnya gunung tangkuban parahu dengan legenda cerita rakyat Sangkuriangnya dengan proses geologi di wilayah Bandung. Lantas pendapat van Bemmelen pun diamini oleh hampir semua ahli geologi Indonesia seperti J.A. Katili, sehingga semua guru lulusan B-1 Ilmu Bumi yang memakai buku Geologi Indonesia memercayai pula bahwa Danau Bandung Purba bobol di tempat wisata bandung yang menarik dan penuh misteri ini yakni Sanghyang Tikoro.\r\n\r\nCerita rakyat legenda Sangkuriang sangat mirip alias dangat mirip dengan fakta geologi terciptanya Danau di Bandung dan Gunung Tangkuban Parahu. Penelitian geologis mutakhir menunjukkan bahwa sisa-sisa danau purba sudah berumur 125.000 tahun. Danau tersebut mengering 16.000 tahun yang lalu. Telah terjadi dua letusan Gunung Sunda purba dengan tipe letusan Plinian masing-masing 105.00 hingga 50.000 - 55.000 tahun yang lalu. Letusan plinian kedua telah meruntuhkan kaldera Gunung Sunda purba sehingga menciptakan Gunung Tangkuban Parahu, Gunung Burangrang (disebut juga Gunung Sunda), dan Gunung Bukit Tunggul. Melihat fakta tersebut adalah sangat mungkin bahwa orang Sunda memang telah menempati dataran tinggi Bandung dan menyaksikan letusan Plinian kedua yang menyapu pemukiman sebelah barat CiTarum (utara dan barat laut Bandung) selama periode letusan pada 50.000 - 55.000 tahun yang lalu saat Gunung Tangkuban Parahu tercipta dari sisa-sisa Gunung Sunda purba.', 1),
(42, 6, 9, 'Stone Garden', 'Pokdarwis', '12000', '-6.8280709005389415', '107.43507639692758', 'img/Wisata/Cipatat/Stone-Garden.jpg', 'Stone Garden garden merupakan sebuah hamparan tanah yang luas yang di isi oleh formasi bebatuan yang sangat indah yang terletak di Kampung Girimulya Desa Gunung Masigit Kecamatan Cipatat Kab.Bandung Barat, Jawa Barat. Kawasan ini berada di areal sekitar + 2 hektar dan berada di ketinggian 908 Mdpl. Jenis batuan yang ada di Stone Garden ini berbeda dengan batu pada umumnya. Tekstur batunya mirip batu korang yang biasanya ada di laut. Karena Konon menurut para ahli Stone garden ini terbentuk dari sisa puing-puing dasar danau purba Bandung. Karena sebagaimana yang kita ketahui pada masa lampau Bandung merupakan danau yang di kenal dengan Danau Bandung. Keadaan yang sekarang terlihat merupakan pendataran yang biasa disebut dengan istilah “Cekungan Bandung” (bandung Basin). Daerah sekitar cekungan tersebut, di pekirakan dahulu merupakan tepian danau sehingga banyak di peroleh sisa-siasa aktivitas manusia masa lampau.  Dan  terjadinya danau purba ini akibat dari letusan Gunung Sunda yang terjadi berjuta juta tahun lalu, dan jika di kaitan dengan legenda akan sangat erat kaitannya dengan lengenda sangkuriang.\r\n\r\nPada saat anda berada di kawasan wisata ini anda bisa menikmati sensasi keindahan panorama batu kapur yang sangat eksotis, mulai dari berfoto selfie, berwefie hingga khusus sebagai lokasi fotography serta berwisa sejarah dan budaya. Di kawasan ini pngunjung bisa menikmati sajian eksotisme batuan-batuan gamping yang berdiri secara alami tak beraturan, rumput serta tumbuhan liar akan tampak alami masih terlihat menutupi areal kawasan Stone Garden ini. Pemandangan dari lokasi ini sangat bagus sekali, dimana anda juga akan melihat hamparan pemandangan bukit-bukit kapur yang berwarna putih dan kecoklatan yang terlihat kontras dengan hamparan hijaunya pepohonan. Jika cuaca sedang cerah, maka dipastikan menikmati sinar matahari pagi atau sore dari tempat ini akan sangat begitu eksotis, dimana warna langit biru dengan awan putihnya berada di atas hamparan hijau pohon dan batu kapur yang bagus untuk didokumentasikan dengan kamera anda.\r\n\r\nAkses menuju Stone Garden sangat mudah Karena sudah terdapat banyak petunjuk arah untuk menuju tempat wisata ini.', 1),
(43, 6, 9, 'Kolam air panas Rajamandala', 'Pokdarwis', '10000', '-6.868450377383966', '107.35559485854799', 'img/Wisata/Cipatat/Kolam-Air-Panas.jpg', 'Tak ada gunung di kawasan Kampung Cipanas, Desa Rajamandala Kulon, Kecamatan Cipatat, Kabupaten Bandung Barat. Hanya ada perbukitan saja mengelilingi wilayah yang masuk wilayah Pembangkit Listrik Tenaga Air (PLTA) Saguling itu.\r\n\r\nTak dinyana, kampung tersebut memiliki sumber air panas yang dikelola warga menjadi kolam-kolam pemandian bagi wisatawan. Keberadaannya menjadi penanda jejak letusan gunung api purba.\r\n\r\nBatu besar dengan ukuran dan tinggi melebihi rumah-rumah warga tersebut menyembul di area pintu masuk pemandian air panas di Kampung Cipanas, Desa Rajamandala Kulon, Rabu 5 Agustus 2020. Batu itu unik lantaran dililit akar pohon yang hidup menempel di sana. Selepas melintasinya, pengunjung memasuki deretan warung-warung milik warga Cipanas. Di dalamnya, tersedia kolam serta bak berisi air panas untuk berendam air panas. Demikianlah keadaan pemandian yang berada di kawasan PLTA Saguling tersebut.\r\n\r\nTerik matahari siang itu tak menyurutkan sejumlah pengunjung lokal untuk berendam di sana. Supiyatin, 47 tahun, warga Cipanas tak mengetahui secara persis kapan sumber air panas itu bermula di kampungnya. Pokoknya, tutur Supiyatin, keberadaannya telah ada jauh sebelum Bendungan PLTA Saguling dibangun.\r\n\r\nMata air panas itu muncul dari sela-sela bebatuan yang berada di bagian atas perkampungan. Warga kemudian menampungnya dalam bak kemudian menyalurkanya melalui pipa-pipa ke warung-warungnya sebagai sumber air panas kolam mereka.', 1),
(44, 6, 9, 'Indiana Camp', 'Swasta/Perorangan', '100000', '-6.825490647857538', '107.43596989692752', 'img/Wisata/Cipatat/Indiana-Camp.jpg', 'Lokasi Indiana camp sangat berdekatan dengan Kawasan wisata Stone Garden dan Tebing Masigit yang sebelumnya telah ramai diperbincangkan dan menjadi salah satu destinasi wisata yang viral bahkan telah beberapa masuk ke dalam program liputan di stasiun televisi nasional.  Indiana camp berlokasi di kampung Girimulya, Desa Gunung Masigit kecamatan Cipatat kabupaten Bandung Barat. Lokasi ini cukup mudah ditemukan, pengunjung dapat menggunakan kendaraan pribadi baik roda dua atau roda empat, jika pun ingin menggunakan transportasi umum bagi pengunjung yang berasal dari luar Bandung Barat atau dari arah Jakarta, pengujung dapat menggunakan bus dengan jurusan Bandung-Sukabumi, biasanya bus yang digunakan bisa dengan Bus Hiba-putra atau MGI yang akan melintasi lokasi Indiana camp.\r\n\r\nDari pasar Padalarang berjalan sekitar 20-30 menit pengunjung dapat turun di lokasi Stone garden, terdapat petunjuk arah seperti papan nama yang tertera di pinggir jalan selain itu, terdapat juga masjid yang berwarna hijau dipinggir jalan yang merupakan tanda pengunjung telah sampai dikampung masigit. Sampai di masjid tersebut pengunjung perlu berjalan sekitar 10-15 menit, sepanjang jalan pengunjung akan menemukan beberapa petunjuk yang akan memudahkan pengunjung sampai di lokasi. Sampai di sana pengunjung akan disambut dengan pintu masuk yang terbuat dari bamboo dengan tulisan selamat datang di Indiana Camp yang biasa dijadikan sebagai spot foto bagi para pengunjung, selain itu Indiana Camp memiliki wahana ekstrem seperti hammocking di atas tebing, bird nest dan cliff chair yang biasa terpasang di tebing jurang yang tentu saja akan memacu adrenalin para pengunjung. Di tambah lagi, adanya jembatan gantung  yang memiliki spot foto menarik dengan latar belakang panorama alam. Pengunjung tak perlu khawatir karena semua fasilitas yang tersedia sudah dilengkapi keamanan yang sesuai, selain itu pengunjung pun dapat menginap atau camping di lokasi, selain itu di Indiana Camp dibangun beberapa rumah buatan yang berbentuk kerucut sebagai ciri khas Indiana Camp, di sini pengunjung dapat menikmati sunset dan sunrise tentu akan sangat menyenangkan. Jika ingin berkunjung ke Indiana Camp pengunjung disarankan datang pada pagi atau sore hari karena bila datang disiang hari cuaca di lokasi Indiana Camp cukup panas terik. Untuk fasilitas sendiri, terbilang sudah cukup lengkap pengelola telah menyediakan seperti MCK, tempat parkir, musala, beberapa tempat makan bahkan care yang tentunya akan memudahkan para wisatawan yang hendak berlibur ke Indiana Camp. ', 1),
(45, 7, 9, 'Sungai Cikahuripan', 'Pokdarwis', '10000', '-6.782205539206256', '107.61136153866039', 'img/Wisata/Cipongkor/Cikahuripan.png', 'Cikahuripan yang mempunyai arti air yang membawa kehidupan. Sungai ini anakan dari sungai Citarum Purba yang terletak di kecamatan Saguling, Kabupaten Bandung Barat. Meski letak Sungai Cikahuripan terpencil, namun pesonanya dapat membuat detak kagum para wisatawan.\r\n\r\nPerjalanan mencapai Sungai Cikahuripan dari tempat parkir kita diajak menyusuri jalan setapak selama 30 menit. Sepanjang perjalanan kita dapat menikmati keindahan tebing batu dan bebatuan di aliran sungai mati. Tak perlu khawatir karena jalur berjalan kaki relatif aman untuk dinikmati segala usia.\r\n\r\nDaya tarik dari sungai Cikahuripan adalah bebatuan yang tersebar di sekitar sungai serta dua buah tebing yang menjulang tinggi mengapit aliran sungai menjadikannya mirip seperti di Green Canyon. Air di sungai ini berasal dari 2 mata air yang berbeda dengan warna biru kehijauan. Selain itu rakit bambu menjadi daya tarik lainnya yang dapat digunakan para wisatawan menyusuri mini Green Canyon ini. Tak perlu khawatir saat berada di atas rakit karena para petugas di sana sangat cekatan dan kooperatif dalam memberi arahan termasuk saat ingin berfoto di atas rakit. Selain itu harga sewa rakit pun masih dipatok dengan harga sukarela.\r\n\r\nSaat ini Sungai Cikahuripan meski letaknya terpencil selain sebagai destinasi wisata alam juga dimanfaatkan sebagai destinasi wisata untuk mengenal sungai purba.Kedalaman sungai ini terbilang dangkal, kurang lebih 4 meter.', 1),
(46, 8, 10, 'Curug Cimahi (Curug Pelangi)/ Rainbow Waterfall', 'Perum (BUMN)', '20000', '-6.798742701862808', '107.57577166809185', 'img/Wisata/Cisarua/Curug-Cimahi.jpg', 'Curug Cimahi adalah air terjun yang terletak di Jalan Kolonel Masturi, Desa Kertawangi, Kecamatan Cisarua, Kabupaten Bandung Barat, Jawa Barat. Dengan ketinggian sekitar 87 meter, menjadikan air terjun ini sebagai salah satu curug tertinggi di wilayah Bandung dan sekitarnya. Nama Cimahi berasal dari nama sungai yang mengalir di atasnya yaitu Sungai Cimahi yang berhulu di Situ (danau) Lembang dan mengalir ke Kota Cimahi. Destinasi wisata ini berjarak kurang lebih 10 kilometer dari Kota Cimahi ke arah Lembang atau 20 kilometer dari Kota Bandung. Fasilitas yang telah disediakan pihak pengelola di antaranya shelter yang terdapat di pinggir jalur dari gerbang menuju air terjun, tempat parkir, pintu gerbang, pagar pengaman, peta lokasi, jalan setapak, piknik site, bangku, tempat sampah, pusat informasi dan pos jaga, serta mushola dan kamar kecil. Selain itu terdapat beberapa warung milik warga yang menjual makanan dan minuman yang biasanya buka pada hari-hari ramai seperti akhir pekan dan liburan.', 1),
(47, 8, 10, 'Curug Putri Layung', 'Perhutani', '10000', '-6.779527909637174', '107.5822049999362', 'img/Wisata/Cisarua/Curug-Layung.jpg', 'Wisata Curug Putri Layung adalah wisata alam yang  menyuguhkan keindahan Hutan pegunungan dan Air terjun dengan air yang sangat menyegarkan.\r\n\r\n\r\nWisata alam ini berada di daerah Kertawangi, Cisarua, Kabupaten Bandung Barat, Jawa Barat 40559. dan telah di kelola oleh PERHUTANI yang artinya sudah ada pengembangan tempat dan pembangunan fasilitas. Ada beberapa pilihan yang bisa kita temui di Wisata Alam Curug Putri Layung ini. Ada Tempat untuk Camping, Hiking yang dapat dioptimalkan untuk kegiatan outing outbound gathering seperti Company Gathering, Family Gathering atau acara Sekolah. Fasilitas yang dapat dioptimalkan saat berkegiatan di Wisata Alam Curug Layung Lembang ini antara lain : beberapa Spot Selfie, toilet dan warung yang menyediakan makanan dan minuman. Jalan menuju Curug Putri Layung, kalian bisa melewati Jl. Kolonel Masturi, Parongpong Lembang arah ke tempat Wisata Dusun Bambu, terus saja lurus ke atas, tak usah khawatir tersesat karena hanya ada satu jalan, dan sudah dilengkapi petunjuk. Akses jalan untuk menuju ke Curug Putri Layung sudah ada, bahkan mobil ataupun bus juga bisa masuk ke area ini, tapi jalannya agak berbatu maka dari itu disarankan untuk pelan-pelan saat mengemudinya. \r\n\r\nUntuk menuju Air Terjun Curug Layung nya kita harus berjalan kaki melewati hutan pinus yg begitu lebat dan menyejukan dan diantaran hutan pinus ada tempat-tempat lapang luas yang dapat dioptimakan untuk berpiknik dan camping, kalian juga bisa menggunakan hammock untuk bergelantungan ataupun beristirahat sejenak diantara  pepohonan pinus. Setelah melewati hutan pinus kalian akan di suguhkan pemandangan tebing-tebing yang indah di samping kiri maupun kanan. ', 1),
(48, 8, 10, 'Curug Tilu Leuwi Opat', 'KPH Bandung Utara', '20000', '-6.790774895084362', '107.58200949692723', 'img/Wisata/Cisarua/Curug-Tilu.jpg', 'Curug Tilu Leuwi Opat merupakan salah satu wisata curug di Lembang. Tempatnya sendiri cukup luas. Disini ada area outbond, camping, dan tentunya wisata air terjun dan sungai. Lokasi curug tilu berada di Ciwangun Parompong, tidak jauh dari Lembang. Lokasinya terletak tidak jauh dari curug cimahi, kurang lebih 2 KM. Tidak hanya trekking langsung ke curug tilu, disini juga anda bisa mengikuti kegiatan outbound yang cukup lengkap. Antara lain; Body rafting, flying fox, gebuk banal, high rope, jembatan dua tali, menangkap ikan, rakit, shaking bridge, dan lain sebagainya.', 1),
(49, 8, 10, 'Natural Hill', 'Swasta', '10000', '-6.811058083601968', '107.57035637110079', 'img/Wisata/Cisarua/Natural-Hill.jpg', 'Tempat wisata ini sangat lengkap dengan menggabungkan tema wisata alam, keluarga dan sebagai tempat yang cocok untuk diadakan acara-acara seperti Company Gathering / Employee Gathering dan Family Gathering. Program-program seperti reuni, arisan dan acara kumpulan lainnya juga bisa dilakukan disini. Tidak hanya itu. Tempat ini juga menawarkan berbagai spot menarik untuk di kunjungi dengan nuansa alam yang masih sangat alami. Disini anda bisa menikmati sejuknya hawa khas Lembang di air terjun Natural Hill. Bahkan, untuk mencapai kesana anda perlu melakukan trecking selama kurang lebih 45 hingga 1 jam di jalur treck terbuat dari undakan tanah. Sepanjang perjalanan anda akan disuguhi pemandangan sangat indah seperti gunung-gunung dan perbukitan, sungai, hutan, sawah hijau dan masih banyak lagi. Untuk anda yang sedang berlibur dengan keluarga. Anda dapat mencoba permainan outbond dengan berbagai jenis games yang ada. Di area outbond disediakan permainan seperti flying fox, panjat tebing mini, panjat tali, menyeberang kolam dengan rakit dan permainan menangkap belut. Area outbond ini tidak kalah dengan yang ada di tempat lain di Bandung. Seperti Grafika Cikole Lembang, Treetop Adventure Park, D’camp Cibodas Alam Maddani Park Lebang dan lainnya. Bagi anda yang menginginkan menginap dengan nuansa alam, Natural Hill Lembang Bandung juga menyediakan berbagai jenis fasilitas penginapan seperti Villa, Barak dan Camping Ground.  Tidak usah khawatir jika pengunjung tempat ini akan penuh. Karena lokasi wisata tersebut memiliki area seluas 14 Hektar. Sehingga anda akan merasakan kepuasan tersendiri ketika mengambil gambar dengan berfoto di berbagai lokasi yang ada. Anda bisa mengunjungi Natural Hill Lembang Bandung dari jam 08.00 hingga jam 18.00. Namun untuk reservasi bisa dilakukan dalam 24 jam.', 1),
(50, 8, 10, 'Dusun Bambu Leisure Park', 'Swasta', '50000', '-6.789293048686685', '107.5802590680918', 'img/Wisata/Cisarua/Dusun-Bambu.jpg', 'Dusun Bambu Bandung mulai dikenal publik sekitar awal tahun 2014. Dari awal beroperasi, langsung menyedot banyak pengunjung. Wajar saja sih, hal yang ditawarkan oleh tempat ini terhitung baru dan membawa suasana ‘segar’.\r\n\r\nDulu, tempat wisata di Lembang rasanya seperti itu-itu saja. Keberadaan Dusun Bambu membawa pilihan suasana baru bagi wisatawan yang berkunjung ke Bandung.\r\n\r\nMengusung konsep eco friendly, tempat wisata di Bandung ini direncakan menjadi salah satu tempat eco wisata di jawa barat.\r\n\r\nArea dusun bambu sendiri terhitung luas, dan di tata dengan baik. Tersedia area kuliner, restoran unik, berbagai permainan, tempat menginap berupa villa dan glamping, dan juga taman terbuka yang luas. Semuanya terkonsep dengan baik.\r\n\r\nSuka berfoto dan mengunggahnya ke sosmed? jangan khawatir. Terdapat banyak spot berfoto yang unik dan indah disini. Banyak hal yang bisa anda lakukan disini. Kita bisa sekedar menikmati susasana bersama pasangan, menikmati kuliner di beberapa resort dan cafe, membawa anak dan keluarga bermain bersama, ataupun berjalan santai mengitari taman yang tertata.\r\n\r\nDari tempat parkir menuju area utama jaraknya cukup jauh. Anda bisa berjalan menyusuri sawah dengan gazebo-gazebo istirahat, atau menggunakan shuttle yang berangkat setiap 5 menit sekali. Shuttle untuk pengunjung disediakan gratis, dan dihiasi dengan bunga warna warni.', 1),
(51, 8, 11, 'Grace Rose Farm', 'Swasta', '25000', '-6.7981221416736615', '107.57549169692733', 'img/Wisata/Cisarua/Rose-Farm.jpg', 'Grace Rose Farm merupakan sebuah komplek wisata bunga yang memiliki luas sampai dengan 5 hektar. Tak hanya menjadi tempat wisata, namun komplek wisata yang satu ini juga menjadi penghasil bunga mawar untuk dipasok ke penjuru Bandung dan kota-kota di sekitarnya. Terletak di ketinggian 1200 mdpl di atas permukaan laut, ia menjadi salah satu tempat wisata menarik yang dapat dikunjungi ketika berkunjung ke Bandung. Taman bunga yang satu ini tidak hanya berisi deretan bunga-bunga mawar saja, namun juga terdapat banyak dekorasi cantik yang dapat dijadikan tempat foto. Para pemburu foto cantik tentu akan sangat sayang melewatkan berbagai spot menarik di sini.\r\n\r\nApalagi secara keseluruhan taman ini memang terlihat rapi dan teratur. Tidak hanya untuk memudahkan pengunjung namun juga untuk menyediakan spot foto paling cantik di tengah bunga-bunga yang ada di sini. Meskipun namanya Grace Rose Farm, namun bukan berarti di taman ini hanya ada mawar saja ya. Sebaliknya, justru terdapat begitu banyak tanaman yang tumbuh di tempat wisata yang satu ini. Bahkan total ada ratusan jenis tanaman yang terdapat di sini.\r\n\r\nSekitar 600 jenis tanaman yang terdapat di kawasan wisata ini tidak hanya berasal dari dalam negeri, namun juga banyak yang berasal dari luar negeri. Tak heran jika kemudian ada banyak jenis tanaman yang mungkin belum pernah kita lihat.\r\n\r\nTak cukup dengan 600 tanaman, tempat wisata ini bahkan berencana mengoleksi sampai dengan 1.000 jenis tanaman. Kenyamanan pengunjung juga mendapat perhatian khusus dari pengelola. Tak heran jika kemudian tempat yang satu ini menyediakan fasilitas yang lengkap untuk pengunjungnya. Salah satu fasilitas yang ditawarkan adalah guide atau pemandu wisata.\r\n\r\nKehadiran guide ini akan memudahkan pengunjung yang ingin berkeliling di sekitar taman. Tentu kita tahu bahwa komplek wisata yang satu ini cukup luas, yaitu 5 hektar. Pengunjung pastinya akan bingung saat berkeliling tempat wisata ini.\r\n\r\nUntuk itu disediakan pemandu yang akan menemani pengunjung untuk berkeliling tempat wisata. Tak hanya membantu pengunjung menjelajah tempat wisata, pemandu wisata ini juga akan menjelaskan mengenai nama-nama bunga serta tanaman lain yang ada di tempat wisata ini.', 1),
(52, 8, 11, 'Situ Lembang', 'Perhutani', '10000', '-6.74032019065052', '107.57662373699243', 'img/Wisata/Cisarua/Situ-Lembang.jpg', 'Situ Lembang merupakan sebuah tempat wisata yang berupa danau di kota Bandung.\r\n\r\nTempat wisata ini juga sering disebut dengan nama situ lembang sumedang, situ lembang park, situ lembang bandung, situ lembang kopassus, situ lembang tempat latihan kopassus, situ lembang rancabali, dan situ lembang ciwidey.\r\n\r\nAnda akan disuguhkan dengan keindahan panorama bumi yang sangat memukau dan juga eksotis di kawasan dataran tinggi.\r\n\r\nTaman situ lembang seolah menjadi magnet dan daya tarik bagi para wisatawan untuk menikmati waktu liburannya.\r\n\r\nAda banyak sekali objek wisata alam yang ada di Situ lembang yang sangat bagus dan banyak dikunjungi wisatawan selama akhir pekan maupun liburan yang panjang.  Situ Lembang merupakan salah satu danau yang ada di kota Bandung.\r\n\r\nDanau ini dibangun pada masa penjajahan Belanda abad ke 20 tepatnya pada tahun 1912. Cerita seram situ lembang banyak beredar karenanya.\r\n\r\nSitu lembang selama ini dikenal sebagai danau yang menawan dan juga cantik yang berada di Bandung Barat.\r\n\r\nBerdasarkan sejarah, tempat ini dulunya merupakan sebuah cekungan yang dihasilkan oleh letusan gunung Sunda sekitar dua atau tiga juta tahun yang lalu. Situ Lembang ini berada di desa Kertawangi atau Parongpong, kecamatan Cisarua, lembang, Bandung Barat.\r\n\r\nLokasi jalan menuju situ lembang sangatlah strategis karena berada tidak jauh dari tempat-tempat wisata di daerah lembang lainnya.\r\n\r\nWisata air situ lembang terletak tepat sekali di kaki 2 pegunungan di Bandung yang sangat terkenal yaitu gunung Tangkuban Perahu dan gunung Burangrang.', 1),
(53, 8, 11, 'Curug Bugbrug', 'Perhutani', '7500', '-6.792331850943541', '107.57986370063715', 'img/Wisata/Cisarua/Curug-Bugbrug.jpg', 'Lokasi Curug Bugbrug ini berada di ketinggian 1.050 mdpl, dengan tinggi sekitar 50 meter dari puncak Curug hingga permukaan sungai dibawahnya. Asal usul nama Kata Bugbrug menurut warga karena air terjun ini jatuhnya bertumpuk-tumpuk terutama saat debit airnya tinggi. Dalam bahasa Sunda bertumpuk-tumpuk itu dinamakan ngabugbrug. Sejak itulah curug ini dinamakan dengan curug Bugbrug. Sungai yang membentuk kolam dibawahnya ini memiliki kedalaman yang cukup lumayan. Dalamnya diperkirakan sekitar 3 hingga 4 meter. Terdapat tiga akses masuk untuk menuju Curug Bugbrug ini. Pertama bisa melalui jalur Curug Cimahi, kedua bisa melalui Villa Istana Bunga dan yang terakhir melalui jalur Komando (tidak jauh dari Dusun Bambu Cisarua). Buat kalian yang membawa motor, bisa dititipka di rumah warga dengan akses jalur Komando ini. Jalur Komando ini juga dikenal sebagai pos pendakian bagi para pendaki gunung yang mau mendaki Gunung Burangrang. Curug ini mirip seperti curug yang berada di Geo Park Ciletuh. Pasalnya curug ini berada di Sesar Lembang atau tebing Patahan. Dengan sudut pandang yang pas, kalian serasa berada di Curug Purba Bandung. Tebing ini konon terbentuk karena lava gunung meletus yang membatu jutaan tahun yang lalu.', 1),
(54, 8, 11, 'Curug Panganten', 'Perhutani', '5000', '-6.843491833066932', '107.56393902576316', 'img/Wisata/Cisarua/Curug-Panganten.jpg', 'Berlokasi di Bandung Barat, tepatnya di Desa Padaasih, Kecamatan Cisarua, Kabupaten Bandung Barat, terdapat sebuah air terjun yang kerap dijuluki Curug Panganten. Sebuah air terjun di ketinggian 1050 Mdpl dengan tinggi kurang lebih 50 meter ini menyimpan mitos dan sejarah tersendiri. Dulu, Curug Panganten ini dikenal dengan Curug Manglayang. Namun menurut mitos yang beredar di masyarakat, pada zaman dahulu ada sepasang kekasih yang baru saja menikah dan bermain ke air terjun tersebut. Lalu karena sebuah kejadian tidak terduga, sepasang pengantin baru tersebut terjatuh dan terseret arus dari air terjun. Adapun yang mengatakan bahwa mereka bukan terpeleset dan jatuh ke dalam aliran air terjun, melainkan bunuh diri bersama. Sehingga sejak kejadian itu pun air terjun ini diberi nama Curug Panganten. Sedangkan menurut versi lain, air terjun ini memiliki dua aliran sungai yang saling berdampingan layaknya sepasang kekasih atau pengantin, maka disebutlah dengan nama Curug Panganten. Suasana di Curug Panganten terbilang masih sangat perawan. Ini disebabkan karena Curug Panganten tidak terlalu terkenal seperti Curug Pelangi, bahkan jika boleh dikatakan lokasi Curug Panganten ini cukup tersembunyi. Jika anda mencari spot foto di tempat ini, rasanya anda akan kurang puas karena sekeliling Curug Panganten ini hanyalah pepohonan dan tebing. Namun jika anda adalah seorang penikmat alam, pecinta hiking ringan dan seorang yang menyukai kesunyian, ini adalah tempat yang cocok untuk anda. ', 1),
(55, 8, 11, 'Curug Lalay', 'Perhutani', '10000', '-6.83804879505081', '107.56572479692761', 'img/Wisata/Cisarua/Curug-Lalay.jpg', 'Curug Lalay adalah rangkain kesudahan dari beberapa curug yang mengalir dari Sungai Cimahi. Jika diurut dari hulu ke hilir, beberapa curug tersebut adalah Curug Putri Layung, Curug Tilu, Curug Bugbrug, Curug Cimahi, Curug Panganten, dan Curug Lalay. Sumber mata air kelima curug tersebut beradal dari lereng Gunung Tangkuban Perahu yang berketinggian sekitar 1800 m dpl.\r\n\r\nCurug ini mempunyai ketinggian sekitar 30 m saja dan tersembunyi di lembah. Di sisi kiri curug terdapat sebuah cerukan yang menyerupai goa, dimana di dinding goa ini banyak terdapat binatang Lalay yang berfaedah kelelawar dalam bahasa sunda, yang mana nama tersebut diambil.\r\n\r\n', 1),
(56, 8, 12, 'Gua pertahanan belanda', '-', '8000', '', '', 'img/Wisata/Cisarua/Gua-Belanda.jpg', 'Gua Belanda terletak di Bandung dan merupakan salah satu dari banyak bangunan dan peninggalan bersejarah yang dibangun Belanda pada saat menguasai Indonesia. Pada awalnya gua yang di bangun pada tahun 1901 ini dipergunakan untuk perusahaan yang bergerak dibidang pembangkit listrik tenaga air. Namun, pada tahun 1918 Belanda melakukan renovasi dengan menambah lorong dan koridor dalam gua yang berada di daerah Dago Pakar ini.\r\n\r\nPembangunan yang dilakukan oleh Belanda mencakup 15 lorong dan 3 koridor. Pada setiap koridor mempunyai fungsi yang berbeda-beda. Koridor pertama untuk saluran air, koridor kedua untuk lubang ventilasi dan yang ketiga untuk ruang interogasi. Suasana didalam gua yang dingin dan lembab ditambah sisa-sisa reruntuhan dalam gua Belanda, akan anda rasakan ketika memasuki gua yang mempunyai luas 750 m dan dibuat dari batu stupaan, yaitu batu yang keluar dari gunung Krakatau. Gua Belanda seakan menceritakan bagaimana para penjajah melakukan aktivitas pada saat mereka menguasai Indonesia.\r\n\r\nPada tahun 1941 Belanda merubah fungsi Gua yang pada awalnya berfungsi untuk saluran air dan dirubah menjadi pusat komunikasi. Ini dilakukan pihak Belanda untuk mencegah perlawanan yang dilakukan para pejuang tanah air Indonesia.\r\n\r\nSetelah jaman kemerdekaan berada di pihak Indonesia, pada 14 Januari 1985, Gua Belanda dijadikan tempat wisata dan menjadi tujuan wisatawan lokal dan asing.', 1),
(57, 10, 12, 'Situ Ciburuy', 'Pemda', '5500', '-6.829486831748355', '107.46861105234807', 'img/Wisata/Padalarang/Situ-Ciburuy.jpg', 'Situ Ciburuy pada mulanya adalah dua buah sungai kecil yang ujungnya bertemu di Desa Ciburuy. Tahun 1918, lokasi pertemuan kedua sungai itu dibendung. Lalu airnya diatur untuk mengairi sawah-sawah desa.\r\n\r\nLama kelamaan, bendungan ini airnya makin tinggi dan menggenangi wilayah seluas 14.76 ha. Tapi tanah tertinggi di tengah-tengah danau tidak tergenang, yang kemudian membentuk sebuah pulau mungil. Mayarakat setempat lantas memberinya nama Situ Ciburuy. Situ artinya danau, sedangkan Ciburuy adalah nama Desa. Peninggalan sejarah yang terdapat di Situs Ciburuy ini antara lain keris, bende (Ionceng yang terbuat dari perunggu), kujang (senjata Prabu Siliwangi), trisula, tombak, dan tulisan Jawa Kuno yang ditulis Prabu Kian Santang di atas daun nipah dan daun lontar. Hingga kini sebagian masyarakat masih percaya bahwa ikan-ikan di situ memang sulit dipancing, terutama oleh warga pendatang atau wisatawan. Ikan di Situ Ciburuy hanya bisa didapat oleh warga pribumi yang mewarisi ilmu menangkap ikan dari nenek moyang. Seperti diabadikan dalam sebuah lagu sunda dengan liriknya, “Situ Ciburuy, lauk na hese dipancing.”\r\n\r\nBagi mereka yang berpasangan, terdapat pantangan untuk mengunjungi situ tersebut, terutama pada hari Jumat dan Sabtu. Konon, bagi mereka yang keukeuh kesana, apabila melanggar pantangan ini diyakini akan membuat hubungan terganggu, meski tidak jelas jenis gangguannya.\r\n\r\nDengan sejumlah keyakinan yang tumbuh di sekitar Situ Ciburuy, tidak heran jika masyarakat sekitar danau ini begitu menghormati Situ Ciburuy. Tiap 1 Muharam atau Tahun Baru Islam masyarakat sekitar rutin mengadakan upacara atau tradisi yang diiringi pertunjukkan kesenian tradisional Sunda seperti ronggeng, wayang golek, pencak silat dan lainnya.', 1),
(58, 10, 12, 'Wisata Hammock Gunung Hawu', 'Pokdarwis', '5000', '-6.834722020851541', '107.46019192166538', 'img/Wisata/Padalarang/Gunung-Hawu.jpg', 'Gunung Hawu merupakan perbukitan yang dibentuk dari batuan Karst. Ini menjadi bukti bahwa dulunya kawasan Bandung Barat ini merupakan sebuah danau yang telah mengering. Mengingat batuan karst hanya berada di dalam perairan saja. Saat kamu bingung mencari tempat wisata mana yang harus kunjungi, Puncak Tebing gunung Hawu jawabannya. Di kawasan wisata ini selain dijadikan sebagai tempat camping, wisata ini dijadikan sebagai ajang adu keberanian panjat tebing. Di sisi lain panoramanya yang eksotis memikat para wisatawan untuk berkunjung kembali.\r\n\r\nDestinasi wisata yang eksotos ini menawarkan beberapa spot cantik yang akan memanjakan mata kalian. Dari atas pucak kalian akan dotawarkan pemandangan hijau persawahan milik masyarakat sekitar. Serta perbukitan yang indah.\r\n\r\nPemandangan dari gunung hawu akan sangat indah jika pagi hari, tak ayal jika tempat ini dijadikan destinasi wisata yang terkenal dengan panorama matahari terbit yang mengagumkan. Tidak kalah loh dengan Gunung Bromo dan dataran tinggi Dieng.', 1),
(59, 10, 12, 'Bale seni Barli & PUSPA IPTEK SUNDIAL Kota Baru Parahyangan', 'Swasta', '10000', '-6.852159895870075', '107.49387611732732', 'img/Wisata/Padalarang/Puspa-Iptek.jpg', 'Puspa Iptek Sundial adalah wahana pendidikan yang terletak di kawasan Kota Baru Parahyangan, Padalarang, Bandung. Puspa Iptek Sundial diresmikan pada tanggal 11 Mei 2002, bertepatan dengan momen Hari Pendidikan Nasional. Keberadaan Gedung Puspa Iptek merupakan upaya penting bagi perwujudan Kota Baru Parahyangan sebagai Kota Mandiri yang berwawasan Pendidikan. Mulai tahun 2013 area alat peraga di Puspa Iptek Sundial juga diperluas serta fasilitasnya diperlengkap, seiring dengan semakin tingginya minat dan kepedulian masyarakat terhadap dunia sains dan teknologi.\r\nPuspa Iptek memiliki lebih dari 180 buah alat peraga interaktif sehingga pengunjung dapat mencoba sendiri dan mengeksplorasi alat-alat peraga tersebut. Nama Puspa Iptek Sundial merupakan perpaduan antara Puspa Iptek dan Sundial. Puspa Iptek adalah singkatan dari Pusat Peragaan Ilmu Pengetahuan dan Teknologi sedangkan Sundial berarti jam Matahari. Kata Sundial tersebut melekat karena Puspa Iptek Sundial berada di sebuah bangunan yang unik. Keunikannya adalah gedungnya sekaligus berfungsi ganda sebagai jam Matahari. Jam Matahari yang terdapat di Puspa Iptek pun tidak hanya satu, melainkan dua buah yaitu jam Matahari horisontal dan jam Matahari vertikal yang terpadu menjadi satu kesatuan. Jam Matahari horisontal yang terdapat di Puspa Iptek itu juga merupakan jam Matahari horisontal terbesar di Indonesia. Atas keunikannya itu, Puspa Iptek Sundial mendapatkan 2 buah penghargaan dari Museum Rekor Indonesia (MURI), yaitu untuk kategori Jam Matahari Horisontal Terbesar di Indonesia dan Jam Matahari Vertikal dan Horisontal Terpadu Pertama di Indonesia.', 1),
(60, 11, 12, 'Agrowisata Bunga Cihideung', 'Masyarakat', '5000', '-6.829252008787123', '107.59676262489674', 'img/Wisata/Parongpong/Agrowisata-Bunga.jpg', 'Cihideung merupakan nama sebuah desa yang terletak di sebelah utara kota bandung, tepatnya di daerah Kecamatan Parongpong Kabupaten Bandung Barat. Berbagai jenis tanaman dapat dengan mudah kita temui dikawasan wisata ini, mulai dari tanaman hias hingga tanaman potong. Tanaman hias biasanya adalah tanaman yang sering di gunakan untuk membuat atau memperindah taman, sedangkan tanaman potong biasanya sering di gunakan untuk dekorasi, misalnya untuk dekorasi di acara pernikahan, dan biasanya tanaman potong juga di gunakan sebagai bahan untuk di karangan bunga.\r\n\r\nKawasan wisata bunga cihideung ini menempati areal seluas 50 hektar, dan dulunya hanyalah desa biasa sama seperti tempat lainnya yang di kenal sebagai tempat bercocok tanam tradisional, namun Karena keunikan dan daya tariknya kini kawasan ini menjadi pusat tanaman dan terlengkap di bandung, di kawasan ini sebagian besar penduduknya berprofesi sebagai petani atau penjual bunga, sehingga hampir di sepanjang jalan yang anda telusuri atau lewati disini, anda bisa melihat jongko-jongko atau kios-kios yang menjajakan berbagai jenis tanaman di dalamnya.\r\n\r\nKawasan agrowisata desa cihideung ini memiliki hawa yang sejuk dan udara yang masih sangat segar. Jadi sangat cocok untuk anda yang tinggal di daerah perkotaan yang sehari-hari disuguhkan dengan hiruk pikuk perkotaan seperti macet serta polusi udara akibat dari asap kendara bermotor, serta cocok juga untuk anda yang hanya ingin sekedar untuk menghilangkan stress akibat beban dan rutinitas pekerjaan.\r\n\r\nDi kawasan agrowisata desa cihideung ini anda bisa berjalan-jalan hanya untuk menikmati udara yang masih sangat sejuk dan sambil melihat hijaunya tanaman-tanaman hijau yang di jajakan di kios-kios penjual. Dan apabila anda menyukai jika anda ingin memiliki aneka jenis bunga dan tanaman hias anda bisa membelinya untuk membawa pulang, harga bunga di kawasan wisata ini di jamin masih relative murah di bandingkan dengan pasar-pasar bunga yang terdapat di kota-kota besar. Akses menuju Kawasan agrowisata desa cihideung ini sangat mudah, anda bisa menggunakan kendaraan pribadi bahkan bis menggunakan kendaraan umum. Kawasan ini berjarak sekitar + 20 Km dari pusat kota Bandung dan dapat di tempuh dengan kendaraan pribadi sekitar 30 menit saja. ', 1),
(61, 11, 13, 'NuArt sculpture park', 'Swasta', '5000', '-6.877801798281401', '107.57206216809266', 'img/Wisata/Parongpong/Nuart.jpg', 'NuArt Sculpture Park berlokasi di  Ciwaruga Parongpong Kabupaten Bandung Barat, NuArt Sculpture Park memanjakan mata dengan karya seni sang Maestro pematung dunia I Nyoman Nuarta. Galeri seni ini milik I Nyoman Nuarta ini dihuni oleh ratusan patung. Yang paling menarik dari tempat ini adalah sebuah patung Garuda Wisuda Kencana (GWK) raksasa setinggi 121 meter sebuah mahakarya dari I Nyoman Nuarta. Berdiri di atas lahan seluas 3 hektar, lokasi wisata ini sarat akan ratusan patung yang bikin mata terbelalak. Mulanya, Nuarta mendirikan lokasi ini karena miris melihat wajah Kota Bandung di bagian Selatan yang mulai langka akan pepohonan. Kawasan ini sering digunakan sebagai tempat pertunjukan teater. Namun tenang saja, bagi yang ingin belajar seni, galeri ini bisa dimanfaatkan para pengunjung, khususnya anak dan pelajar, untuk mengikuti Clay Act, Melukis Topeng Kertas dan Cutting Board.', 1),
(62, 11, 13, 'Jendela Alam', 'Swasta', '20000', '-6.819286000936123', '107.59678346809216', 'img/Wisata/Parongpong/Jendela-Alam.jpg', 'Salah satu tempat wisata yang memberikan edukasi sambil bermain adalah Wisata Jendela Alam Lembang Bandung. Wisata ini terletak di Kecamatan Lembang kabupaten Bandung Barat, Jawa Barat. Jendela Alam menawarkan konsep wisata edukasi bagi anak-anak. Di dalamnya, anak-anak bisa bermain sambil belajar menggunakan wahana yang telah disediakan. Obyek wisata ini normalnya beroperasi mulai pukul 09.00 WIB hingga 16.00 WIB. Akan tetapi, saat periode high season, waktu operasionalnya sedikit lebih panjang. Pengunjung bisa berkunjung mulai pukul 08.30 WIB dan tutup pada pukul 16.30 WIB.', 1),
(63, 11, 13, 'Pemandian air Panas Nagrak Parongpong', 'Masyarakat', '20000', '-6.802591522359773', '107.59125743101745', 'img/Wisata/Parongpong/Nagrak.jpg', 'Sesuai namanya, Curug Cipanas Nagrak merupakan air terjun dengan aliran air panas yang berada di Kampung Nagrak, Lembang. Air panas yang mengalir ini bukanlah air panas buatan, melainkan berasal dari mata air alami yang bersumber dari panas bumi.\r\n\r\nAirnya memiliki kandungan belerang yang bermanfaat untuk kesehatan. Kawasan air panas ini juga dilingkupi perbukitan dan perkebunan yang asri dan akan memanjakan mata. Kolam pemandian air panas Curug Cipanas Nagrak berada di tengah kawasan perkebunan milik warga setempat. Meski tidak jauh dari jalan raya dan bisa diakses dari kawasan permukiman, namun lokasinya tersembunyi di balik rimbun pepohonan. Selain itu, letaknya juga agak di bawah dan diapit perbukitan.\r\n\r\nDari area parkir, pengunjung memang masih harus berjalan kaki untuk bisa sampai ke lokasi air terjun. Namun, perjalanan tidak akan terasa melelahkan meski sempit dan berupa jalan setapak tanah. Pemandangan hijau di sekeliling, udara yang sejuk, dipadukan dengan papan petunjuk bernada humoris dijamin akan membangkitkan semangat untuk terus berjalan.\r\n\r\nJalan setapak yang dipercantik dengan barisan tanaman hias akan membawa pengunjung menyeberangi beberapa kali kecil dengan aliran air panas. Jika musim hujan mungkin jalan ini akan cukup sulit untuk dilalui, terutama bagi pengguna kursi roda atau yang mengalami kesulitan berjalan. Air panas di kawasan wisata Cipanas Nagrak mengalir di tanah dengan kontur agak miring. Dengan sedikit inisiatif, dibuat beberapa undakan akan aliran air menjadi sebuah air terjun. Air terjun yang menjadi ikon merupakan air terjun dengan ukuran yang tidak terlalu besar. Air ini mengalir ke beberapa kolam yang dibuat di bawahnya.\r\n\r\nTerdapat tiga lantai tanah dengan sebuah kolam di masing-masing undakannya. Kedalaman kolam rata-rata hanya 50 hingga 70 sentimeter sehingga aman untuk segala usia. Ketiga kola mini membentuk serangkaian tempat pemandian air panas yang dipisahkan oleh dinding batu dan jembatan bambu.\r\n\r\nKolam pertama berada tepat di bawah air terjun, konon temperatur airnya lebih hangat dibanding yang lain. Kolam kedua terbagi menjadi dua bagian, dengan salah satunya sengaja dibuat berbentuk hati jika dilihat dari atas. Kolam ketiga merupakan kolam paling luas dengan air terjun buatan yang lebar. Tempat ini paling cocok untuk bersantai atau bermain air.', 1);
INSERT INTO `wisata_perkecamatan` (`id`, `id_kecamatan`, `hotel_id`, `nama`, `status`, `biaya`, `latitude`, `longitude`, `foto`, `detail`, `flag_active`) VALUES
(64, 13, 13, 'Sanghyang Heuleut', 'Pokdarwis', '10000', '-6.876534398339134', '107.3422075680926', 'img/Wisata/Saguling/Sanghyang-Heuleut.jpeg', 'Bagi kamu yang senang dengan destinasi wisata alam yang eksotis, ada sebuah danau indah yang bisa kamu sambangi di Bandung, Danau Sanghyang Heuleut namanya. Danau yang satu ini memiliki air jernih bernuansa kehijauan yang berpadu indah dengan tebing batu berukuran besar di sekelilingnya. \r\nDi sela-sela bebatuan, kamu bisa menemukan pepohonan dan rerumputan hijau yang menyegarkan mata. Bebatuannya yang tinggi itu bahkan kerap digunakan sebagai tempat para traveler untuk meloncat indah menuju danau purba tersebut.  Danau Sanghyang Heuleut memiliki kedalaman sekitar tiga meter. Jadi, sebelum kamu masuk ke dalam danau, pastikan kamu bisa berenang agar tidak tenggelam, atau setidaknya telah memiliki perlengkapan seperti jaket pelampung. Danau Sanghyang Heuleut diyakini berasal dari letusan gunung api purba yang bernama Gunung Sunda. Ketika Gunung Sunda meletus, letusannya tersebut menghasilkan bebatuan besar yang membentuk seperti tebing batu, sementara cekungan di tengahnya kemudian dialiri aliran sungai Citarum lama dan membentuk danau. Di sekitar Sanghyang Heuleut, kamu bisa menemukan dua gua yakni Gua Sanghyang Tikoro dan Sanghyang Poek. Ketika menyambangi Danau Sanghyang Heuleut, kamu bisa berenang, berendam, sekadar bermain air, atau hanya menikmati eksotisme danau ini dan dua gua yang menyertainya. Sanghyang Heuleut memiliki arti yang unik. \"Sanghyang\" berarti sesuatu yang dianggap suci, dan \"Heuleut\" berarti jeda, batas sesuatu atau waktu. Dalam bahasa Sunda kuno, sebutan \"Sanghyang\" ditujukan untuk menghormati seseorang atau sesuatu yang dianggap suci atau memiliki kekuatan supranatural. \r\nTak heran, warga setempat percaya bahwa Danau Sanghyang Heulet kerap dijadikan sebagai para bidadari menyucikan dirinya dan mandi. Bukan hanya karena namanya yang indah dan menunjukkan sisi magis saja, tetapi juga karena lokasinya yang tersembunyi dan terpencil. Sanghyang Heuleut berlokasi di Rajamandala Kulon, Kecamatan Cipatat, Kabupaten Bandung Barat. Letaknya tak begitu jauh dari PLTA Saguling. Namun untuk bisa sampai ke sana, kamu membutuhkan kondisi tubuh yang prima. \r\nSebab medannya cukup curam dan didominasi bebatuan. Apabila hujan turun, bebatuan ini akan terasa sangat licin. Karena itu, akan lebih baik jika kamu datang pada musim kemarau. Bukan hanya karena medannya akan jadi lebih mudah karena tidak becek dan berair, tetapi juga karena air danau juga akan terlihat lebih jernih. Karena ketika musim hujan, air danau akan berubah menjadi kecokelatan. ', 1),
(65, 13, 13, 'Sanghyang Kenit', 'Pokdarwis', '5000', '-6.859901747579629', '107.34767841713823', 'img/Wisata/Saguling/Sanghyang-Kenit.jpg', 'Mengenai asal usul tentang nama Sanghyang Kenit, belum ada kepastian yang jelas. Ada dua mitos terkuat yang berkembang di masyarakat mengenai penamaan lokasi ini. Sanghyang berasal dari kata Sang dan Hyang adalah berarti sesuatu dianggap agung dan luhur. \r\n\r\nSedangkan Kenit/Kedit memiliki arti melingkar. Karena jika diperhatikan dengan baik, bentuk dari Goa yaitu melingkar/bulat. Begitupun ketika aliran Sungai Citarum Purba ketika keadaan normal, arusnya berbentuk melingkar dan berputar.\r\n\r\nAda pula satu mitos lainnya yang berkembang yaitu tentang adanya seseorang keturunan wali bernama Eyang Wastu Lingga, menyembelih hewan kendit sebagai tumbal. Hewan kendit sendiri yaitu seekor kambing berwarna putih memiliki ‘sabuk pinggang’.\r\n\r\nBerwarna hitam di badannya ataupun sebaliknya, untuk dijadikan sebagai hewan persembahan di lokasi ini. Untuk susur goa minimal peserta haruslah 5 orang. Sedangkan arung jeram, tidak bisa dilakukan setiap saat harus menunggu dan melihat kondisi air sedang pasang atau tidak. Batu-batu sepanjang sungai ditapaki lumayan membuat kaki pegal dan lelah. Tetapi dengan pemandangan di sekitar yang indah dan warna air hijau lumutnya, cukup membuat rasa lelah terbayar. Kegiatan susur goa ini kurang lebih memakan waktu 1,5-2 jam dengan titik terakhir keluar yaitu di Sanghyang Tikoro. Biaya yang dikeluarkan pun cukup murah yaitu 150.000/orang (September, 2019) dengan fasilitas cukup lengkap, berikut pemandu.Ada beberapa hammock terpasang diantara selah-selah tebing, sengaja disediakan oleh pengelola untuk Teman Traveler yang berkunjung. Banyak pula beberapa spot menarik di sekitar, tidak boleh terlewatkan untuk diabadikan kamera.', 1),
(66, 13, 14, 'Waduk Saguling', 'PT.INDONESIA POWER', '0', '-6.934101031622406', '107.42761827385173', 'img/Wisata/Saguling/Waduk-Saguling.jpg', 'Waduk Saguling adalah waduk buatan yang terletak di Kabupaten Bandung Barat, Provinsi Jawa Barat pada ketinggian 643 m di atas permukaan laut. Waduk ini merupakan salah satu dari tiga waduk yang membendung aliran Sungai Citarum yang merupakan sungai terbesar di Jawa Barat. Dua waduk lainnya adalah Waduk Jatiluhur dan Waduk Cirata. Luas daerah genangan waduk ini sekitar 5.600 hektare dengan volume tampungan awal 875 juta m3 air. Pembangunan Waduk Saguling berawal dari gagasan seorang insinyur berkebangsaan Belanda, Prof. Ir. W.J. van Blommestein untuk mengintegrasikan seluruh pengairan di Jawa Barat. Ia mulai mengumpulkan data-data pendukung di aliran Sungai Citarum pada dekade 1920-an. Hingga suatu ketika pada tahun 1948 muncul makalahnya tentang rencana pembangunan Waduk di aliran Sungai Citarum. Namun bukan Waduk Saguling yang lebih dahulu direncanakan dibangun, melainkan Waduk Jatiluhur karena dianggap paling mendesak pemanfaatannya. Barulah setelahnya ia merencanakan pembangunan waduk tambahan, salah satunya Waduk Saguling yang awalnya akan diberi nama Waduk Tarum.\r\n\r\nPembangunan Waduk Saguling dimulai dengan mulainya konstruksi bendungan di Desa Saguling, Kecamatan Saguling pada tahun 1980-1986. Konsultan desain bendungannya dari New JEC (Jepang) serta PT. Indra Karya sedangkan kontraktor pembangunannya oleh Dummer Travaux Publics (Prancis) dan PT. Raya Contractor. Biaya pembangunan waduk ini menghabiskan dana 662.968.000 Dollar AS termasuk biaya pembebasan lahan di 49 desa yang didominasi lahan pertanian. Terdapat sekitar 12.00 Kepala Keluarga (KK) yang harus pindah dari desanya, sebagian ada pula yang transmigrasi. Semula, Waduk Saguling direncanakan hanya untuk keperluan menghasilkan tenaga listrik. Pada tahap pertama pembangkit tenaga listrik yang dipasang berkapasitas 700 MW, tetapi bila di kemudian hari ada peningkatan kebutuhan listrik pembangkit dapat ditingkatkan hingga mencapai 1.400 MW. Badan yang bertanggungjawab dalam pembangunannya adalah Proyek Induk Pembangkit Hidro (PIKITDRO) dari Perusahaan Listrik Negara (PLN), Depatemen Pertambangan dan Energi (sekarang menjadi Departemen Energi dan Sumber Daya Mineral Republik Indonesia. Selanjutnya, dengan mempertimbangkan permasalahan lingkungan di daerah itu, Saguling ditata-ulang sebagai bendungan multiguna, termasuk untuk kegunaan pengembangan lain seperti perikanan, agri-akuakultur, pariwisata, dan lain-lain.', 1),
(67, 9, 14, 'Curug Cilingga Payung', 'PERHUTANI', '0', '-6.988881232066591', '107.4471412067355', 'img/Wisata/Gunung Halu/Curug-Cilingga.jpg', 'Curug cilingga payung tepatnya berada di desa gununghalu kecamatan gununghalu kabupaten badung barat. Dengan berada di ketinggian 700 meter diatas permukaan laut dan letaknya merupakan kawasan perhutani kalau yang pernah ke bumi perkemahan pasti telah melewatinya. kalau Curug cilingga payung diresmikan kurang lebih 7 – 8 tahun ke belakang. (tepatnya saya lupa lagi)\r\nCurug cilingga payung merupakan salah satu potensi wisata yang berada dikawasan bandung barat. Akan tetapi sampai sekarang infrastruktur untuk menuju jalan ke sana kurang baik atau bisa dikatakan sangat jelek. Karena dari daerah kampung cipayung sampai ke lokasi permukaan aspal jalan sudah tidak tersisa yang ada hanyalah bebatuan yang menempel langsung dengan tanah. ', 1),
(68, 12, 14, 'Curug Malela', 'Pemda', '5500', '-7.018238418771613', '107.2072573677196', 'img/Wisata/Rongga/Curug-Malela.jpg', 'Curug Malela atau dalam bahasa Indonesia berarti Air Terjun Malela memiliki sumber air terjun yang  berasal dari hulu sungai bagian Utara Gunung Kendeng, yaitu sebuah gunung berapi yang terletak di sebelah barat Ciwidey yang telah mati, kemudian mengalir melintasi sungai cidadap – Gunung Halu.\r\n\r\nCurug Malela Bandung yang memiliki ketinggian sekitar 60 meter dengan lebar curug mencapai 70 meter, memiliki 5 buah jalur air terjun yang akan tampak sekali keindahan serta kemegahannya yang sangat mempesona siapa pun yang melihatnya, apabila debit air menuju lokasi ini sedang banyak serta mengalir deras melintasi air terjun ini. Curug Malela atau dalam bahasa indonesia berarti air terjun malela lokasinya terletak di desa Cicadas, Kecamatan Rongga- Gununghalu Kabupaten Bandung Barat. Dan tempat wisata alam di bandung barat ini bisa dicapai selama kurang lebih 4 jam perjalanan dari pusat kota Bandung, serta berjalan kaki sekitar 15 menit dari tempat penyimpanan kendaraan menuju lokasi.', 1),
(69, 2, 14, 'Kolam Renang Tirta Mulya', 'Swasta', '30000', '-6.860395195034962', '107.52541481042158', 'img/Wisata/Ngamprah/Tirtamulya.png', 'Kolam Renang Tirta Mulya adalah tempat wisata favorit bagi masyarakat sekitar khususnya wilayah Cimahi. Kolam renang yang tersedia terbilang cukup luas dengan fasilitas dan wahana pendukung yang dapat dinikmati karena kolam renang ini dibangun dengan luas tanah 1,5 hektar.\r\n\r\nFasilitas dan wahana tersebut akan membuat anak-anak merasa betah berlama-lama berada di kolam renang ini.\r\n\r\nTempat ini memang destinasi yang menarik dan cocok untuk keluarga yang membawa anak, anak sekolah dan orang dewasa.\r\n\r\nKolam Renang Tirta Mulya berada di alamat Jl. Soemawinata No. 88, Tanimulya, Kec. Ngamprah, Kab. Bandung Barat, Jawa Barat.\r\n\r\nKolam renang ini banyak dikunjungi karena Kolam Renang Tirta Mulya tergolong terjangkau untuk warga sekitar.\r\n\r\nKolam renang ini patut untuk dicoba agar pengunjung menikmati betapa serunya berenang dan bermain di sini.\r\n\r\nSuasana kolam renang yang nyaman dengan gazebo-gazebo dan aneka permainan air yang cukup banyak pilihan hingga membuat anak-anak betah. Lokasinya juga  cukup bagus bisa dilalui kendaraan pribadi baik motor maupun mobil dekat jalan utama. Ada banyak fasilitas dan wahana yang tersedia di Kolam Renang Tirta Mulya untuk dinikmati oleh pengunjung.\r\n\r\nTersedia wahana air untuk anak-anak bahkan orangtua serta kolam renang indoor dan outdoor. Kolam renang yang ada juga memiliki kedalaman yang berbeda-beda. Kolam renang ini cukup nyaman untuk dikunjungi dan jadi tempat seru-seruan bersama keluarga.\r\n\r\nKolam Renang Tirta Mulya memiliki kolam renang untuk anak-anak, kolam renang untuk dewasa, kolam air hangat dengan kedalaman yang berbeda-beda.\r\n\r\nKolam renang untuk dewasa di desain dengan konsep indoor yang cukup luas yang ditutup oleh kanopi dengan kedalaman sekitar 1,5 meter – 2 meter.\r\n\r\nUntuk kolam renang khusus anak-anak memiliki kedalam sekitar 30 cm – 50 cm dengan beranekaragam wahana permainan yang akan disukai anak-anak. Kedalaman kolam renang anak-anak menyesuaikan dengan mereka yang belum bisa berenang.\r\n\r\nKolam air hangat dibuka setiap akhir pekan yang bisa digunakan untuk anak-anak. Pengunjung bisa memilih kolam renang yang sesuai dengan kebutuhan.\r\n\r\nTempat ini didesain dengan konsep indoor dan outdoor yang baik untuk pengunjung, terawat, air yang cukup jernih serta fasilitas dan wahana yang menambah kesan menarik dari kolam renang ini. Banyak wahana air yang disukai anak-anak seperti air tumpah, seluncuran dan air mancur.\r\n\r\nKolam renang ini dilengkapi dengan 4 seluncuran bergelombang dengan ketinggian yang sejajar bisa dipergunakan anak-anak maupun orang dewasa. Ketinggian seluncuran yang tersedia dari tinggi sekitar 2 meter – 7 meter.\r\n\r\nJika ingin mencoba seluncuran tersebut Anda akan merasakan sensasi yang menakjubkan. Meluncur tajam dari ketinggian dan mendarat di kolam renang akan memacu adrenalin bagi yang berani mencoba.\r\n\r\nSelain itu tersedia air tumpah dengan air yang menyegarkan saat merasakan guyuran air. Untuk anak-anak terdapat seluncuran mini yang aman untuk digunakan.\r\n\r\nKolam Renang Tirta Mulya cocok untuk tempat belajar renang karena sering siswa-siswa berkunjung ke tempat ini. Wahana permainan tersebut bisa digunakan sepuasnya tanpa harus membayar lagi.\r\n\r\nDi daerah sekitar kolam renang terdapat spot foto yang menarik. Selain itu terdapat fasilitas pendukung lainnya yaitu parkir, loker, kamar mandi, ruang ganti, tempat bilas, tempat sholat, restoran dan caffe, gazebo-gazebo, sauna, waterboom yang dilengkapi waterslider dengan sarana yang modern, ruang meeting, penjual keperluan renang, playground, patung karakter dan tempat fitness.', 1),
(70, 2, 14, 'Wisata Kuda & Nasi liwet Pakuhaji', 'Swasta', '2000', '-6.835743100191728', '107.53481339692766', 'img/Wisata/Ngamprah/Paku-Haji.jpg', 'Objek wisata Paku Haji adalah Tempat wisata di Cimahi yang beralamat di Jalan Haji Ghofur KM 4, RT 02/RW 10 Pakuhaji, Ngamprah, Kabupaten Bandung Barat, Jawa Barat.\r\n\r\nLokasinya sangat strategis, sehingga tempat wisata di cimahi bandung barat ini selalu ramai ketika di waktu libur akhir pekan apalagi ketika musim libur panjang seperti libur sekolah dan tahun baruan.\r\n\r\nRagam Wisata di Paku Haji Cimahi sangat beragam, dan dijamin dengan semua fasilitas wisatanya, selain akan memuaskan dahaga liburan anda dan keluaraga tercinta, juga anda akan merasa nyaman dan betah berlama-lama di sana.\r\n\r\nFasilitas wisata tidak kalah dengan sejumlah Tempat Wisata Terkenal di Kota Bandung, seperti yang ada di kawasan Wisata Lembang, seperti tempat wisata anak di bandung yang sangat populer seperti taman miniatur kereta api yang ada di Floating Market Lembang.\r\n\r\nTidak kalah asyik juga dengan objek wisata di lembang seperti Kampung Gajah Wonderland, atau bagi anda yang pernah datang ke tempat seperti Jendela Alam atau FarmHouse Lembang, tempat ini adalah alternatif terbaik lokasi liburan anda. ada banyak jenis wisata yang menarik yang bisa anda temukan dan nikmati di sana. Anda tidak perlu khawatir takut kepanasan di lokasi ini, biar pun siang terik, namun karena suhu kawasan yang sejuk serta banyak pohon rindang, akan membuat anda nyaman di sini.\r\n\r\nMulai dari fasilitas wisata beragam wahana bermain anak dan dewasa atau wisata keluarga, wisata outbound, kebun binatang mini, kolam renang, pusat wisata kuliner serta yang asyiknya, jika anda mau bermalam, lokasi ini adalah satu dari Daftar Tempat Penginapan di Bandung terbaik yang murah. jika wisata kuda ala koboi di paku haji cimahi ini adalah merupakan salah satu kegiatan wisata paling favorit yang sering dilakukan oleh pengunjung yang datang ke sini, karena mau merasakan bagaimana sensasi menaiki seekor kuda.\r\n\r\nJenis kuda tunggang yang dipergunakan di pakuhaji itu ada dua jenis, yang terdiri dari kuda mancanegara atau impor serta kuda pilihan lokal dari indonesia sendiri. Kuda lokal untuk dinaiki pemula, sementara kuda impor untuk pengunjung yang berpengalaman.\r\n\r\nDengan harga sewa kuda tidak lebih dari Rp.10.000 per sekali naik, maka anda sudah bisa berpetualang menikmati pemandangan alam di Paku Haji yang asri dan hijau dengan melewati lintasan selama 2 kali putaran. Cukup murah dan dijamin sangat menyenangkan.', 1),
(71, 15, 15, 'Curug Gawang', 'Desa wangunsari', '0', '-7.03015859491476', '107.41513856809418', 'img/Wisata/Sindang Kerta/Curug-Gawang.jpg', 'Terletak di Desa Sindangkerta, kecamatan Cililin. Dari jembatan Cilame menuju lokasi dibutuhkan sekitar 1.5 jam pakai motor. Akses jalan menuju Cililin cukup mulus, tapi saat mendekat lokasi, kondisi jalan berubah menjadi agak berbatu.', 1),
(72, 15, 15, 'Curug Ngebul', 'Karang taruna desa weninggalih', '7500', '-7.155579694826062', '107.20412076809545', 'img/Wisata/Sindang Kerta/Curug-Ngebul.jpg', 'Curug Ngebul ini bisa dibilang masih murni dan bersih dari jamahan tangan jahil para pengunjung, karena Curug Ngebul belum dikelola oleh pihak manapun. Hanya dikelola oleh beberapa warga sekitar, sehingga fasilitas di Curug Ngebul masih minim. Curug ini memiliki ketinggian sekitar 20 meter, dengan lebar kurang lebih 5 meter. Karena ketinggian curug inilah, ketika debit air sedang tinggi, air yang jatuh akan menimbulkan butiran – butiran embun yang berkumpul menyerupai asap. Sehingga curug ini dinamakan Curug Ngebul. Air dari Curug Ngebul ini berasal dari salah satu curug yang fenomenal di Bandung Barat, yaitu Curug Malela. Karena, Curug  ini berada di bagian hilir dari Curug Malela, yang aliran airnya berasal dari aliran sungai Cidadap.', 1),
(73, 14, 15, 'Waduk Cirata', 'Perum (BUMN)', '0', '-6.728434586228508', '107.28426008583686', 'img/Wisata/Cipeundeuy/Waduk-Cirata.jpg', 'Waduk Cirata adalah waduk yang terletak di 3 Kabupaten yaitu Kabupaten Purwakarta, Kabupaten Cianjur, dan Kabupaten Bandung Barat. Selain menjadi tempat pembangkit listrik, Waduk Cirata juga dipenuhi keramba jaring apung penghasil ikan dan menjadi tempat wisata, khususnya bagi penghobi memancing.', 1),
(74, 14, 15, 'Wisata Kuliner Buangan Cirata', 'Desa', '5000', '-6.702170052177071', '107.34605800292857', 'img/Wisata/Cipeundeuy/Wisata-Buangan.jpeg', 'Tradisi munggahan seakan tidak bisa lepas dari masyarakat Sunda dalam menyambut datangnya Ramadan atau bulan puasa.\r\n\r\nMunggahan biasanya dilakukan beberapa hari sebelum bulan puasa tiba dengan  berkumpul bersama sanak saudara di rumah atau berkunjung ke suatu tempat untuk makan-makan.\r\n\r\nWisata Buangan yang berlokasi di sekitar PLTA Cirata bisa menjadi rekomendasi untuk munggahan, tentunya sambil menerapkan protokol kesehatan.\r\n\r\nDi daerah wisata ini ada kuliner khas yaitu ikan bakar dan nasi liwet. Menyantap hidangan sembari menikmati pemandangan alam yang asri dipastikan nafsu makan bertambah.\r\n\r\nSalah seorang pemilik warung di Buangan, Rinrin Marlina, mengatakan, banyak menu yang dapat dipilih pengunjung untuk makan-makan bersama keluarga.\r\n\r\nSelain nasi liwet dan ikan bakar nila, warungnya juga menyediakan menu lain seperti lobster, kepiting, dan ayam bakar yang siap memanjakan lidah para pengunjung.', 1),
(75, 14, 15, 'Bajabang Eduar', 'Swasta', '5000', '-6.768568795100094', '107.3472887545978', 'img/Wisata/Cipeundeuy/Bajabang.jpg', 'Kawasan ini merupakan sisi eksotisme Wisata Alam Bandung secantik Tempat Wisata di Lembang dan Tempat Wisata di Ciwidey serta Wisata Pangalengan yang udaranya terkenal sangat sejuk.\r\n\r\nKawasan pariwista di Bandung Barat ini pun seperti tak pernah kehabisan ide untuk terus menyuguhkan objek wisata baru yang cantik nan instagramable.\r\n\r\nSalah satunya di awal tahun 2019 ini, kawasan ini kembali memiliki objek wisata baru bernama Bajabang Edukasi Agrowisata atau Bajabang Eduar dan Bang Eduar.\r\n\r\nBerada di daerah dataran tinggi, Bajabang Eduar adalah objek wisata yang mengusung konsep alam dengan landscape perkebunan hutan karet yang memukau,\r\n\r\ndan ini tentu saja berbeda dengan tempat wisata di bandung yang menawarkan konsep menjual eksotisme hutan pinus di bandung. Alamat bang eduar berada di PT. Bajabang Kp, Pasir Ucing, RT.02/RW.15, Nanggeleng, Cipeundeuy, Kabupaten Bandung Barat, Jawa Barat 40758. lokasinya yang tersembunyi di tengah hutan perkebunan karet Bajabang, membuatnya tidak banyak orang akan mengira ada tempat rekreasi menarik di sana.', 1);

--
-- Indexes for dumped tables
--

--
-- Indeks untuk tabel `detail_pemesanan`
--
ALTER TABLE `detail_pemesanan`
  ADD PRIMARY KEY (`id`);

--
-- Indeks untuk tabel `hotel_perkecamatan`
--
ALTER TABLE `hotel_perkecamatan`
  ADD PRIMARY KEY (`id`),
  ADD KEY `relasi2` (`id_hotel_perkecamatan`);

--
-- Indeks untuk tabel `transaksi`
--
ALTER TABLE `transaksi`
  ADD PRIMARY KEY (`id`);

--
-- Indeks untuk tabel `user`
--
ALTER TABLE `user`
  ADD PRIMARY KEY (`id`);

--
-- Indeks untuk tabel `user_access_menu`
--
ALTER TABLE `user_access_menu`
  ADD PRIMARY KEY (`id`);

--
-- Indeks untuk tabel `user_menu`
--
ALTER TABLE `user_menu`
  ADD PRIMARY KEY (`id`);

--
-- Indeks untuk tabel `user_role`
--
ALTER TABLE `user_role`
  ADD PRIMARY KEY (`id`);

--
-- Indeks untuk tabel `user_sub_menu`
--
ALTER TABLE `user_sub_menu`
  ADD PRIMARY KEY (`id`);

--
-- Indeks untuk tabel `user_token`
--
ALTER TABLE `user_token`
  ADD PRIMARY KEY (`id`);

--
-- Indeks untuk tabel `wisata`
--
ALTER TABLE `wisata`
  ADD PRIMARY KEY (`id`);

--
-- Indeks untuk tabel `wisata_perkecamatan`
--
ALTER TABLE `wisata_perkecamatan`
  ADD PRIMARY KEY (`id`),
  ADD KEY `id_kecamatan` (`id_kecamatan`),
  ADD KEY `hotel_id` (`hotel_id`);

--
-- AUTO_INCREMENT untuk tabel yang dibuang
--

--
-- AUTO_INCREMENT untuk tabel `detail_pemesanan`
--
ALTER TABLE `detail_pemesanan`
  MODIFY `id` int(11) NOT NULL AUTO_INCREMENT, AUTO_INCREMENT=30;

--
-- AUTO_INCREMENT untuk tabel `hotel_perkecamatan`
--
ALTER TABLE `hotel_perkecamatan`
  MODIFY `id` int(11) NOT NULL AUTO_INCREMENT, AUTO_INCREMENT=66;

--
-- AUTO_INCREMENT untuk tabel `transaksi`
--
ALTER TABLE `transaksi`
  MODIFY `id` int(11) NOT NULL AUTO_INCREMENT, AUTO_INCREMENT=61;

--
-- AUTO_INCREMENT untuk tabel `user`
--
ALTER TABLE `user`
  MODIFY `id` int(11) NOT NULL AUTO_INCREMENT, AUTO_INCREMENT=16;

--
-- AUTO_INCREMENT untuk tabel `user_access_menu`
--
ALTER TABLE `user_access_menu`
  MODIFY `id` int(11) NOT NULL AUTO_INCREMENT, AUTO_INCREMENT=11;

--
-- AUTO_INCREMENT untuk tabel `user_menu`
--
ALTER TABLE `user_menu`
  MODIFY `id` int(11) NOT NULL AUTO_INCREMENT, AUTO_INCREMENT=5;

--
-- AUTO_INCREMENT untuk tabel `user_role`
--
ALTER TABLE `user_role`
  MODIFY `id` int(11) NOT NULL AUTO_INCREMENT, AUTO_INCREMENT=3;

--
-- AUTO_INCREMENT untuk tabel `user_sub_menu`
--
ALTER TABLE `user_sub_menu`
  MODIFY `id` int(11) NOT NULL AUTO_INCREMENT, AUTO_INCREMENT=14;

--
-- AUTO_INCREMENT untuk tabel `user_token`
--
ALTER TABLE `user_token`
  MODIFY `id` int(11) NOT NULL AUTO_INCREMENT, AUTO_INCREMENT=33;

--
-- AUTO_INCREMENT untuk tabel `wisata`
--
ALTER TABLE `wisata`
  MODIFY `id` int(11) NOT NULL AUTO_INCREMENT, AUTO_INCREMENT=16;

--
-- AUTO_INCREMENT untuk tabel `wisata_perkecamatan`
--
ALTER TABLE `wisata_perkecamatan`
  MODIFY `id` int(11) NOT NULL AUTO_INCREMENT, AUTO_INCREMENT=76;

--
-- Ketidakleluasaan untuk tabel pelimpahan (Dumped Tables)
--

--
-- Ketidakleluasaan untuk tabel `hotel_perkecamatan`
--
ALTER TABLE `hotel_perkecamatan`
  ADD CONSTRAINT `relasi2` FOREIGN KEY (`id_hotel_perkecamatan`) REFERENCES `wisata` (`id`);

--
-- Ketidakleluasaan untuk tabel `wisata_perkecamatan`
--
ALTER TABLE `wisata_perkecamatan`
  ADD CONSTRAINT `relasi1` FOREIGN KEY (`id_kecamatan`) REFERENCES `wisata` (`id`);
COMMIT;

/*!40101 SET CHARACTER_SET_CLIENT=@OLD_CHARACTER_SET_CLIENT */;
/*!40101 SET CHARACTER_SET_RESULTS=@OLD_CHARACTER_SET_RESULTS */;
/*!40101 SET COLLATION_CONNECTION=@OLD_COLLATION_CONNECTION */;
